,total,data,pde,border
0,0.2090644107013941,0.4204918771982193,0.05706298098899424,0.14963835436850786
1,0.04723129954189062,0.08212659545242787,0.036522801220417025,0.0230444973660633
2,0.02845528569072485,0.0548270171135664,0.016853977059945464,0.013684860239736736
3,0.02347878022119403,0.050136028453707696,0.010720106619410218,0.009580203229561449
4,0.02098499746993184,0.048339515514671805,0.007878878326155246,0.006736596318660304
5,0.020171150639653204,0.04763795431703329,0.006282548774033785,0.006592946986202151
6,0.01940847801044583,0.047259873412549495,0.005241685197688639,0.005723874256946146
7,0.01895576383918524,0.04700232777744531,0.004510778002440929,0.005354184020543471
8,0.018881892077624796,0.0470220922678709,0.004211751110851765,0.005411831095116213
9,0.018405238967388868,0.046656869426369665,0.0035775010543875395,0.004981344947591424
10,0.01861197305843234,0.04669011000543833,0.0034188976977020504,0.005726909996010363
11,0.01769814431667328,0.04638169847428799,0.0029688821244053545,0.003743851378094405
12,0.017765334844589233,0.04624836161732673,0.0026963449781760573,0.004351296371896751
13,0.017805646080523728,0.04618762135505676,0.002546623353846371,0.004682692588539794
14,0.017333608027547596,0.04597338669002056,0.002290254037361592,0.0037371825700392948
15,0.01763613907620311,0.046043286696076394,0.0023928540700580924,0.004472275465377607
16,0.01697869015857577,0.045675019212067125,0.0019492644316051156,0.0033117857563775034
17,0.017236693054437636,0.04568998448550701,0.0019042675767559558,0.004115826357738115
18,0.01725497292354703,0.045617115423083304,0.00183704141410999,0.00431076068955008
19,0.016977367699146272,0.04546597797423601,0.0017151653429027646,0.0037509586045052857
20,0.017089812755584716,0.045459482222795486,0.0016756016807630658,0.0041343534173211086
21,0.01660506471991539,0.04526860911399126,0.0015187038923613727,0.0030278805425041355
22,0.01694450395181775,0.045304252468049526,0.0015202641428913922,0.004008994025352877
23,0.01656375844962895,0.04518553338944912,0.001382239005761221,0.003123501812806353
24,0.016409389749169348,0.04509137488901615,0.001270920867100358,0.0028658724433626047
25,0.01674270707182586,0.045199207477271554,0.0013240988075267524,0.0037048135371878744
26,0.016654538670554758,0.045140960551798344,0.001293760888511315,0.0035288932995172217
27,0.01630209116265178,0.04502657156437635,0.0010973724018549546,0.0027823288741637953
28,0.016093367207795382,0.044937384128570554,0.0009702671103877946,0.0023724495322676375
29,0.016576485829427837,0.04509022410959005,0.0011111011996399612,0.003528131331258919
30,0.016217048754915597,0.04498198293149471,0.0009930267411982642,0.0026761357937357387
31,0.016488575115799903,0.04505426205694676,0.0010180266667157412,0.003393435703474097
32,0.016323285354301335,0.04498690370470285,0.0009145157155580818,0.003068435662135016
33,0.016271670665591955,0.0449824058637023,0.0009039740485604853,0.002928631149843568
34,0.01601851931773126,0.044914083071053025,0.0008239904273068532,0.0023174835450481624
35,0.016256511844694614,0.04499397110193968,0.0009170769125921652,0.0028584864747244866
36,0.016226439010351895,0.04494613617658615,0.0008065539371455089,0.0029266260590520687
37,0.016048646112903953,0.04490067031234503,0.0007471629022620618,0.0024981039779959245
38,0.016134836273267866,0.044953472316265106,0.0008186672761803493,0.0026323683494410945
39,0.016095111798495054,0.0449097665771842,0.0007293103035772219,0.002646257579617668
40,0.01599090553820133,0.044888890385627746,0.0007175017154077068,0.002366323443129659
41,0.01612881007604301,0.0449381123110652,0.0007729226542869583,0.0026753940258640798
42,0.01602202270179987,0.04488553810864687,0.0006681561120785773,0.002512372331257211
43,0.016122195534408093,0.04492947231978178,0.0007110760995419695,0.0027260373727767727
44,0.015799674727022647,0.04483169134706259,0.0006372836141963489,0.0019300481751270127
45,0.01634969555772841,0.044990897215902804,0.0007232692366233095,0.0033349190971057397
46,0.015797277484089135,0.04481635600328446,0.0006179906445322558,0.0019574847763578875
47,0.01600306776352227,0.044890982620418074,0.0006433666084194556,0.002474853342282586
48,0.015992976371198894,0.0448768187686801,0.000630797182675451,0.002471312524139648
49,0.015971167096868157,0.04487448148429394,0.0006243839114904404,0.0024146349274087697
50,0.015870021358132362,0.04484366837888956,0.0006150355841964484,0.002151359370473074
51,0.015877469275146723,0.044847583658993245,0.0005764697899576277,0.002208353245732724
52,0.015928139239549638,0.04486264821141958,0.0005933872441528365,0.0023283812015142758
53,0.015868353061378,0.04485097330063582,0.0005923626129515469,0.0021617222593340556
54,0.01592978338710964,0.04485080365091562,0.0005411581057705916,0.00239738742064219
55,0.015895181242376565,0.044838308505713936,0.0005609468702459708,0.0022862876269209662
56,0.015824108328670265,0.044865614548325536,0.0006396428303560242,0.0019670667240279725
57,0.015949244629591703,0.044870693124830725,0.0005808139761211351,0.00239622591790976
58,0.01573498809710145,0.04479543421417475,0.0005000688508152961,0.0019094601493270602
59,0.01593286419287324,0.04485703609883785,0.0005426982106291689,0.0023988572624512017
60,0.015805323114618658,0.044828914552927014,0.0005522661353461445,0.0020347877661697567
61,0.015789856808260082,0.04482140950858593,0.0005200762616004795,0.002028083700861316
62,0.015873485766351222,0.04482675217092037,0.0005009666996193119,0.0022927375416475116
63,0.015798601070418954,0.044814780317246915,0.00047557981684803963,0.002105442184547428
64,0.015530398143455386,0.04472882676869631,0.0004031648181262426,0.0014592020021518693
65,0.01604208942502737,0.04491929993033409,0.0006549103156430647,0.0025520570820663124
66,0.0157020796649158,0.044774913117289546,0.00043210701580392196,0.0018992179852648406
67,0.0157076611276716,0.04479701355099678,0.0004895090535865166,0.0018364598276093603
68,0.01594564251601696,0.044890672452747825,0.0006298064376460389,0.0023164478718899774
69,0.015590386530384422,0.04474508587270975,0.0003975916269700974,0.0016284807889314834
70,0.015902721360325812,0.044842168800532815,0.0004760536187677644,0.0023899406286363957
71,0.015793781420215966,0.04480909317731857,0.0004553004485205747,0.0021169495455978906
72,0.01556452590972185,0.04474697049707174,0.00043398958747275173,0.001512616673608136
73,0.015725803775712848,0.04478243064135313,0.0004244753674720414,0.001970504154887749
74,0.015659253271296622,0.044759392514824865,0.0003947209575562738,0.0018236454225552734
75,0.015706061432138086,0.04480129346251488,0.0004859808922628872,0.001830909029522445
76,0.01580278023146093,0.04482517268508673,0.000496817271632608,0.002086349796336435
77,0.015576099865138531,0.04473889831453562,0.00037053701496915894,0.0016188632501871324
78,0.015642320485785604,0.04475587114691734,0.0003823891672072932,0.001788700430188328
79,0.015633062766864894,0.04476265709847212,0.0004054581472883001,0.0017310722735419404
80,0.015699216667562722,0.04478412613272667,0.00041464880079729484,0.0018988742657529657
81,0.015606407169252634,0.044760545417666435,0.0004277061758330092,0.0016309690001071432
82,0.01570299606770277,0.04478456176817417,0.0004080957648693584,0.0019163297710474581
83,0.01563521321862936,0.044756155759096146,0.0003828285486088134,0.001766654567036312
84,0.015665111634880304,0.04478461869060993,0.0004661715877591632,0.0017445435329864268
85,0.01563728366047144,0.04476174894720316,0.0003925789988716133,0.0017575221095466986
86,0.01561802082695067,0.04475073676556349,0.00037461304455064235,0.0017287114845385076
87,0.015581928500905633,0.044735197350382803,0.00035240478784544395,0.0016581823569140398
88,0.015589868687093257,0.04475233726203442,0.00039393366721924395,0.001623334090836579
89,0.015580574683845043,0.044747513346374036,0.00035215442825574427,0.001642055499542039
90,0.015599233964458108,0.044746462255716324,0.0003751389737590216,0.0016760998876270605
91,0.015670459279790522,0.04478992715477943,0.0004402445792220533,0.0017812050739303231
92,0.015567841082811356,0.0447451426461339,0.00039653301966609435,0.0015618464480212425
93,0.015600458169355989,0.044752603583037856,0.00036605668516131117,0.0016827133631886681
94,0.015574691975489259,0.04473939869552851,0.0003785824903752655,0.001606093775772024
95,0.015434863725677133,0.04468702916055918,0.0003055129322456196,0.0013120478676137283
96,0.015667405156418682,0.04478647716343403,0.0004093701159581542,0.001806367226126895
97,0.015491342479363084,0.04472518198192119,0.0003521167652797885,0.0013967281410441502
98,0.015570945432409644,0.044734387919306756,0.00033677836545393803,0.0016416694107465445
99,0.015560240587219595,0.044732710644602776,0.0003462085213686805,0.0016018014815199421
100,0.015636203680187463,0.044755675606429575,0.0003675693653349299,0.001785365191535675
101,0.015459008468315005,0.044721788875758645,0.0003537253009562846,0.0013015105398881132
102,0.015601759739220143,0.04475047569721937,0.00036308093680418094,0.0016917215508510707
103,0.015472820168361068,0.04469656314700842,0.0002976445833337493,0.0014242516321246513
104,0.01542635909281671,0.04469987422227859,0.0003125711566826794,0.001266631009420962
105,0.015608469443395733,0.04475397191941738,0.00037673105951398613,0.0016947044755579554
106,0.015448476448655128,0.044697323068976405,0.00029196429692092353,0.001356141088763252
107,0.01549568953923881,0.04471917495131492,0.00032445069111417977,0.0014434422965859993
108,0.01558133538812399,0.04474575098603964,0.0003746472383500077,0.001623607020592317
109,0.015365387313067913,0.04467941701412201,0.00027768413870944643,0.0011390597681020154
110,0.015593531802296638,0.0447584056481719,0.0003904952871380374,0.0016316934212227351
111,0.015487654432654381,0.04469956189393997,0.00029056028215563857,0.0014728402844775702
112,0.015407004933804274,0.044686910845339295,0.0002815064422611613,0.001252596653648652
113,0.015524029796943069,0.0447313866391778,0.00034300517887459137,0.0014976963894150685
114,0.015453065419569612,0.04470392264425754,0.0003149811041657813,0.0013402918484644033
115,0.015464779715985059,0.044710977412760256,0.0003126713116944302,0.0013706891612673645
116,0.015509738735854626,0.0447152791544795,0.0003190826949139591,0.0014948532502603484
117,0.015396875012665987,0.044676054678857324,0.00026590975277940743,0.0012486595603695605
118,0.015518018854781985,0.044732389114797114,0.00035152883487171493,0.0014701374847209082
119,0.015402646120637655,0.044687806852161886,0.0003102075858623721,0.0012099230411695317
120,0.01541329400613904,0.04469816781580448,0.0002954515360761434,0.001246261623018654
121,0.01548683105967939,0.044711265228688714,0.0003223578206961975,0.001426869167262339
122,0.015475169532001018,0.04471480656415224,0.0003118780083605088,0.0013988231729308608
123,0.01538694577291608,0.044670129083096984,0.00026506513822823765,0.0012256421145866625
124,0.015406520012766123,0.044692270644009116,0.0002940154928364791,0.00123327306650026
125,0.015461450880393387,0.04469906829297542,0.00027247514168266207,0.0014128085266565905
126,0.015415129950270057,0.044707042798399925,0.00035012036154512315,0.0011882254834199558
127,0.0154236367251724,0.044677017219364644,0.0002452001583878882,0.0013486919597926316
128,0.015392723558470607,0.04468730509281158,0.00029210393346147613,0.001198760872866842
129,0.015445067957043647,0.04470107279717922,0.0003016379331529606,0.0013324923635082086
130,0.015364439692348242,0.044681987017393114,0.00029006705401116053,0.0011212644084298519
131,0.015469856765121222,0.044711218774318696,0.00033120318024884907,0.001367147155397106
132,0.015402098568156362,0.04470339469611645,0.00033238652045838537,0.001170513445904362
133,0.015407463051378727,0.044681697711348535,0.0002791333039931487,0.0012615573335642693
134,0.015397166702896356,0.04467618845403194,0.00025641697808168827,0.0012588939107808983
135,0.015410815961658955,0.044690475650131706,0.00026095088120200674,0.0012810204824927496
136,0.015382270589470863,0.04467837691307068,0.0002782753593055531,0.0011901584982842905
137,0.015404065242037177,0.044674313999712466,0.0002673610523925163,0.0012705198574985844
138,0.015428398549556733,0.04471758555620909,0.00036760615912498904,0.0012000027231260902
139,0.015311761107295752,0.044652603082358834,0.0002454126845987048,0.0010372666874172865
140,0.015417222809046506,0.04468884285539389,0.00027444456733064724,0.0012883800031704595
141,0.015363832078874111,0.044671751484274866,0.0002533201857295353,0.0011664235183707205
142,0.015376441925764085,0.04467115044593811,0.0002540228539146483,0.0012041517216857755
143,0.01535439451225102,0.044662099704146384,0.0002611308747145813,0.0011399519798578695
144,0.015362883117049933,0.04466921236366034,0.00026234775956254455,0.001157088390464196
145,0.015309851206839085,0.044657432027161124,0.00025426025982596914,0.0010178603797976393
146,0.015364140421152115,0.04467391408979893,0.0002843850750650745,0.0011341211195394863
147,0.015389015385881066,0.04469588316977024,0.0003096967382589355,0.0011614653270225971
148,0.015318376747891306,0.044654731266200544,0.0002416860719677061,0.0010587119207775685
149,0.01535806561820209,0.04466833733022213,0.0002610574242135044,0.0011448008351726457
150,0.015346216494217515,0.04467097859829664,0.0002778746529656928,0.0010897950320941164
151,0.015347341345623135,0.0446677291020751,0.0002553371402609628,0.0011189567192923277
152,0.01537128295749426,0.04466444611549378,0.0002468378416961059,0.0012025640056526753
153,0.015326141836121679,0.04465636633336544,0.00023755309404805303,0.001084504953760188
154,0.015309569900855422,0.044663240984082225,0.0002655536208476406,0.0009999140943182283
155,0.01538782574236393,0.04469464428722859,0.0003183578421885613,0.0011504741643875605
156,0.015278807375580072,0.04463335324078798,0.0002085157587134745,0.0009945523141504963
157,0.01536173020489514,0.04466267053037882,0.00025559221234289,0.0011669271196296904
158,0.01530555826611817,0.04464364144951105,0.00022818765981355682,0.0010448449788600556
159,0.01534122547134757,0.04467790596187115,0.0002905228479357902,0.0010552464584179689
160,0.015319888601079584,0.04465881191194057,0.0002464211257756688,0.0010544318630854833
161,0.01528851132839918,0.044638042151927945,0.0002262287943449337,0.0010012623714283108
162,0.015336488420143724,0.044663593731820585,0.00026498056860873475,0.0010808900093252304
163,0.015289963008835911,0.0446540105342865,0.0002574571747391019,0.0009584205646024202
164,0.015285796392709017,0.044655278213322165,0.00028018105382216163,0.0009219290082546649
165,0.015328227048739792,0.044647466577589515,0.0002120805268350523,0.0011251332837127848
166,0.015288634467869997,0.04463949173688889,0.00023239784597535616,0.000994012852315791
167,0.015333216888830065,0.04467037878930569,0.0002661479127709754,0.0010631231927982299
168,0.015323898298665881,0.04464571502059698,0.00022124355629784986,0.0011047355170012451
169,0.015245464788749814,0.044628619849681854,0.0002319078944856301,0.0008758656443387736
170,0.015336176808923484,0.044665748812258245,0.00025358387661981394,0.0010891965520568193
171,0.015288585657253861,0.04465257942676544,0.00026312419649912047,0.0009500522134476341
172,0.015288761472329498,0.04464097246527672,0.00022463413421064615,0.0010006768516177544
173,0.015295473709702492,0.04464546706527472,0.00024233620264567433,0.0009986166693852284
174,0.015286933509632944,0.04464880831539631,0.00025486838960205206,0.0009571229992434382
175,0.015300524737685919,0.044649122133851055,0.0002493830332241487,0.0010030681998614455
176,0.015238307528197765,0.044627745263278486,0.00020624495547963306,0.0008809315905091352
177,0.015305071799084545,0.04464324694126844,0.00023268371660378762,0.0010392836310711574
178,0.015292602013796569,0.044650781638920306,0.0002613373514031991,0.0009656863201962551
179,0.015251157823950052,0.04463054351508618,0.00020380180038046092,0.0009191272236057557
180,0.01524561233818531,0.044622919708490374,0.00022304346930468455,0.0008908727976813679
181,0.015294247129932046,0.044665322974324226,0.0002941769199969713,0.0009232403180067195
182,0.01525514223612845,0.044620709270238874,0.00021816367268911562,0.0009265531058190391
183,0.015257343035191297,0.044635202400386334,0.00021621921478072182,0.0009206067884224467
184,0.015296636614948511,0.044644400961697105,0.0002452466718386859,0.0010002614220138639
185,0.015261215986683965,0.04462808564305305,0.00020473571741604245,0.0009508255531545728
186,0.01526812009513378,0.044648185037076474,0.0002807299366395455,0.0008754442183271749
187,0.01522972154431045,0.044620964005589486,0.00019691660680109635,0.0008712830650620163
188,0.01526666445657611,0.044633018933236596,0.00023304618676775135,0.0009339274266676512
189,0.015257066115736961,0.04462280854582787,0.0002042469235311728,0.000944142017615377
190,0.0151852644700557,0.044604980647563935,0.00019426598242716864,0.0007565458335739095
191,0.015298657473176719,0.0446440664306283,0.00023615287616848946,0.0010157520061329706
192,0.015264898538589478,0.044643460363149645,0.0002739180413482245,0.0008773164305603132
193,0.015204199552536012,0.04460832349956036,0.0001749649598787073,0.0008293091756786452
194,0.015264371167868376,0.04463888991624117,0.0002579872161732055,0.0008962353541573975
195,0.015225202245637774,0.04460706293582916,0.000186884905124316,0.0008816582218423718
196,0.015251967925578355,0.04463419567793608,0.00025358500293805265,0.0008681223548774142
197,0.015238607348874212,0.04462171249091625,0.00021733922912972047,0.0008767697049916023
198,0.01523758763447404,0.044631525352597234,0.00023142359306802974,0.0008498127917118836
199,0.015270824255421757,0.044630887880921365,0.00022813976087491028,0.0009534444227028871
200,0.015175034869462251,0.044588514864444734,0.0001624469831585884,0.0007741417715442367
201,0.015254952376708389,0.0446329340711236,0.0002276846719905734,0.0009042376292563858
202,0.015185335576534271,0.04461441982537508,0.00023233026295201852,0.0007092555714189075
203,0.015273769618943334,0.04463567662984133,0.00023589716030983254,0.0009497339931840542
204,0.015259100627154111,0.04462936360388994,0.00022676296895951964,0.0009211742424668045
205,0.015218969602137804,0.04461286168545484,0.00020844004640821367,0.0008356060579171753
206,0.015206125983968376,0.04461207363754511,0.0002133159165532561,0.0007929873788089025
207,0.015225197793915868,0.044621535129845145,0.00021903329849010334,0.0008350239474384579
208,0.015191179970279335,0.04460646074265242,0.0002106883363740053,0.0007563897682121023
209,0.015208423864096402,0.04460608936846256,0.00019721009433851578,0.0008219709942204645
210,0.01520390635356307,0.04460690665990114,0.0002137143308937084,0.0007910970203010947
211,0.015258938102051615,0.044626915901899336,0.0002100355007860344,0.000939861814622418
212,0.015225864881649613,0.04461962871253491,0.0002297861606348306,0.0008281788883323316
213,0.01517605067230761,0.044596620835363865,0.0002063921069202479,0.000725138206180418
214,0.015198880732059479,0.044609677121043204,0.00020711414792458526,0.000779849555437977
215,0.01521180878393352,0.044602691978216175,0.00019402568868827076,0.0008387078398664016
216,0.015198165914043785,0.044609163664281366,0.00022241847109398804,0.0007629147925035795
217,0.015195852555334568,0.04461168922483921,0.0002312291683483636,0.0007446382667694706
218,0.015220993068069219,0.044605539441108705,0.00019152413078700193,0.0008659146350692026
219,0.015193680906668306,0.044595244564116,0.00018782051891321315,0.0007979767776851077
220,0.015163136003538967,0.044588548503816126,0.0001961140004277695,0.0007047443525516428
221,0.015212885877117515,0.044617649316787716,0.00022470649477327243,0.0007963011537503917
222,0.015206346902996302,0.044600299522280694,0.0001941201905719936,0.0008246200314169982
223,0.015181419625878333,0.044595611542463304,0.00020064514799742028,0.0007480011436564382
224,0.01517157105728984,0.04459619790315628,0.00018988179152074736,0.0007286327819019789
225,0.015179821867495774,0.04460380505770445,0.00021859575834241697,0.0007170638463139767
226,0.015199523251503706,0.04461149349808693,0.00022391779595636762,0.0007631573714024852
227,0.0152051692456007,0.04459388557821512,0.00018080978305079042,0.0008408113065524959
228,0.01515909792855382,0.0445829988270998,0.0001829351213382324,0.0007113589962682454
229,0.015191329130902886,0.04459716435521841,0.000188936213235138,0.0007878858231197228
230,0.015197998937219381,0.04461824394762516,0.00026555683158221657,0.0007101952045923099
231,0.015162398926913739,0.04457958571612835,0.00017361592763336374,0.0007339943575061624
232,0.01520227468572557,0.044604995623230934,0.0002120150195696624,0.0007898123665654566
233,0.01519119438715279,0.044581423848867416,0.00015898370023933239,0.0008331745229952503
234,0.015158043308183551,0.04459511909633875,0.00022657900612102822,0.0006524306466599228
235,0.015148990880697965,0.0445863813534379,0.0001820335954107577,0.0006785565969039453
236,0.015206702211871743,0.04460005395114422,0.00020077338434930424,0.0008192780969693558
237,0.015139653123915195,0.04457829900085926,0.00018561217810201925,0.0006550473165407311
238,0.015184496194124222,0.04459616351872683,0.00020733689139888157,0.0007499872926564422
239,0.015138237364590168,0.044577965363860134,0.00018985951290233062,0.0006468863791087642
240,0.015192338265478611,0.04459605269134045,0.00020162613684078677,0.0007793351537839044
241,0.015166673911735415,0.04459252540022135,0.00019470440776785835,0.0007127908759866842
242,0.015191421825438738,0.0445891098305583,0.00019475734821753577,0.0007903973604697967
243,0.01512846363708377,0.044569807834923265,0.00019253494654549285,0.0006230472436072887
244,0.015164955854415893,0.044586172178387645,0.00018953753991809207,0.0007191571173461853
245,0.015155781116336585,0.04457616101950407,0.00018188115223892964,0.0007093001436442137
246,0.015154772335663438,0.0445884120464325,0.00019362122809980065,0.0006822827844007406
247,0.015185869578272105,0.044581730030477044,0.00018774350137391594,0.0007881341621396132
248,0.015143474815413355,0.044603376314044,0.00026378492009826004,0.0005632622096163687
249,0.015123731084167957,0.044558089934289453,0.00014603393101424443,0.0006670686688448768
250,0.01520226758904755,0.04459580328315496,0.000195596828853013,0.000815401712898165
251,0.015100954864174128,0.044555730745196344,0.000158094639191404,0.0005890383780933916
252,0.015187387354671955,0.0445954317227006,0.00023445451974112074,0.0007322750275125145
253,0.015117007186636328,0.04455042149871588,0.00014883515184919817,0.0006517641056052525
254,0.015183375719934701,0.04460903789848089,0.0002448987067327835,0.0006961896149005043
255,0.015141840120777487,0.044575479663908485,0.000198736642851145,0.0006513030839050771
256,0.015164168868213892,0.04457681864500046,0.00017118988384027034,0.0007444971162476577
257,0.01515020675957203,0.04458156798034906,0.0002083107112412108,0.0006607406765397172
258,0.015132088754326105,0.04456141665577888,0.0001756873579142848,0.0006591613103228155
259,0.015143833504989743,0.04457622155547142,0.00017805143193982075,0.0006772267632914009
260,0.015118885412812233,0.04456009861081839,0.00017921985163411592,0.0006173369686803199
261,0.015147524448111653,0.04455795750021935,0.00016996928992739412,0.0007146455116162542
262,0.015151559859514236,0.044586862064898015,0.000204362690274138,0.0006634538531216094
263,0.015113736968487501,0.04455736339092255,0.00017965522565646097,0.0006041911536885891
264,0.015126953180879355,0.04455803781747818,0.0001675010845065117,0.0006553198838810204
265,0.015130577441304922,0.04457557115703821,0.00021222174655122217,0.0006039384660107317
266,0.015114428540691734,0.04455887392163277,0.00016256716364296153,0.0006218437325878767
267,0.015159054808318615,0.04457347564399242,0.000190568880061619,0.0007131188550556544
268,0.015136270513758064,0.04456485360860825,0.00019511282189341728,0.0006488440679822816
269,0.015115099921822549,0.044559240117669104,0.00016267205661279148,0.0006233867374976399
270,0.015139841083437204,0.044577103294432166,0.00022613004926824942,0.0006162892638531047
271,0.015110601633787156,0.044544085785746576,0.00014162563340505585,0.0006460926358704455
272,0.015150815099477768,0.04457616608589888,0.00020515933982096613,0.000671118952013785
273,0.015170278139412402,0.04458477057516575,0.00024151761441316923,0.0006845453751884634
274,0.015085630500689149,0.04454599842429161,0.00015765690732223448,0.0005532350948851672
275,0.015098938262090087,0.044543682038784026,0.00015012718256912194,0.0006030043190548895
276,0.015135569591075182,0.04455302134156227,0.00016786014508397785,0.0006858261182060233
277,0.015124899623915554,0.04456497319042683,0.00019181077565008308,0.000617914117174223
278,0.015092156985774636,0.04454193100333214,0.00016421125634224153,0.0005703276423446368
279,0.015130986403673887,0.044558721631765365,0.00018541405006544665,0.0006488224232452922
280,0.015137656191363931,0.04456871084868908,0.00020172751930658706,0.0006425291598134208
281,0.015086450381204486,0.044540157392621044,0.0001525263247458497,0.0005666666327306302
282,0.01513636509887874,0.04456636156886816,0.0002063677650585305,0.0006363648251135601
283,0.015091954255476594,0.044544538259506224,0.00017556470847921447,0.0005557588862575357
284,0.015099059836938978,0.044535389244556425,0.00015221292414935306,0.000609576286515221
285,0.015163902128115296,0.044575770162045954,0.00020997285369958263,0.0007059625548572513
286,0.01508586309850216,0.04453820306807756,0.00016922463713854087,0.0005501606038887985
287,0.015079313302412628,0.04453463558107615,0.00015863024062127807,0.0005446727902744897
288,0.015138166472315789,0.04456352811306715,0.00020027459810080474,0.0006506958458339795
289,0.015083511471748351,0.04453500457108021,0.00015849905357754324,0.0005570298757811543
290,0.015133639927953482,0.04455261550843716,0.00019168563921994063,0.0006566175800253404
291,0.015098371356725693,0.04454589605331421,0.00017938942830369341,0.0005698277128249174
292,0.01508399834856391,0.044533895477652546,0.00016070351004600524,0.0005573952574923169
293,0.015129653718322516,0.0445520544052124,0.0001898867297131801,0.0006470188433740986
294,0.015074212746694684,0.04453933939337731,0.0001838190154376207,0.0004994788492331281
295,0.015105064446106552,0.044544715732336045,0.00017652756774623414,0.0005939491988829104
296,0.015100450767204166,0.044537375643849374,0.0001570799492765218,0.0006068955509908846
297,0.015204516174271702,0.0445704647898674,0.0002044511457643239,0.0008386318988050334
298,0.0149971785210073,0.044504090137779714,0.00013338825905520935,0.00035405646900471766
299,0.015136485313996672,0.04455921497195959,0.00021058325393823906,0.0006396567273623077
300,0.015035613430663943,0.04452402845025063,0.00016067367505456787,0.00042213714761601295
301,0.015157855628058315,0.04455882776528597,0.00021692487367545255,0.0006978134311793838
302,0.015060997121036052,0.04451588030904532,0.00014456286044151057,0.0005225472833990352
303,0.015108562111854552,0.04453664630651474,0.0001703752083267318,0.000618663934073993
304,0.015066232653334738,0.04453514102846384,0.00018223934523120989,0.0004813166517851641
305,0.015077190939337015,0.0445222507789731,0.00015638205586583355,0.0005529388303330051
306,0.015101255690678954,0.044543232433497906,0.00019540125220373738,0.0005651322662015445
307,0.015107952561229467,0.04453489422798157,0.0001656905827258015,0.0006232720907064504
308,0.015099283931776881,0.04453945800662041,0.00019638349731394557,0.000562009445966396
309,0.015069098379462957,0.04451751589775085,0.00014620971145632211,0.0005435686316923238
310,0.015086112534627319,0.04452909655869007,0.0001784510567813413,0.0005507892549212556
311,0.015086125414818526,0.04453065570443868,0.00016061773734691087,0.0005671017165877856
312,0.015104612549766899,0.044534331932663915,0.00019583826840971597,0.0005836665064998669
313,0.015083887595683337,0.044522224143147465,0.0001658246286388021,0.0005636133400912513
314,0.015061477087438107,0.04451930522918701,0.0001535374148079427,0.0005115876218042103
315,0.015068615209311248,0.04452030546963215,0.00017436190326407087,0.0005111774253600742
316,0.015055079963058233,0.044511701576411725,0.00014732705109054222,0.0005062103440286592
317,0.015118399886414408,0.044544709734618666,0.0002056459510640707,0.0006048430701775942
318,0.01506605033762753,0.04451873380690813,0.00016111021039250773,0.0005183061257412191
319,0.015083613377064466,0.04451875660568476,0.0001629457356466446,0.0005691370485146763
320,0.015068891951814293,0.04451636739075184,0.00016208917179028504,0.0005282183736562729
321,0.01505122902803123,0.04451132409274578,0.0001714389744302025,0.0004709230989101343
322,0.015142765622586011,0.04454672921448946,0.00019952614180510864,0.000682040470346692
323,0.015048303650692105,0.044505069553852084,0.00015000268424046227,0.0004898377617791993
324,0.015057331332936883,0.04451570063829422,0.00017903939566167538,0.0004772531870548846
325,0.015062827738001943,0.04450760994106531,0.0001522206122172065,0.0005286518599314149
326,0.015089097823947668,0.04452622227370739,0.00019087167594989296,0.0005501985477894777
327,0.015064246440306305,0.04451077148318291,0.0001559654287120793,0.0005260015857493272
328,0.015081625701859593,0.04452429745346308,0.00019393555681745055,0.0005266430781921372
329,0.01505796325393021,0.044501278325915335,0.00013956671391497367,0.0005330437865632121
330,0.015074749775230885,0.044516726359725,0.00018794499672367238,0.000519577112791012
331,0.015051882676780225,0.044503714814782144,0.00015353934213635512,0.000498392964946106
332,0.015097812805324793,0.04453226078301668,0.00021141043049283326,0.0005497661510162289
333,0.0150412155687809,0.044496234655380246,0.00014469969100900927,0.0004827112535713241
334,0.015112458132207393,0.04453225005418062,0.00019528031021764035,0.0006098429494159063
335,0.015045687006786466,0.04450272645801306,0.00015693277469836176,0.00047740084199176635
336,0.015055277841165662,0.04449780948460102,0.00014718320722749922,0.0005208397706883261
337,0.015063457638025284,0.04450748421251774,0.00017423237535695078,0.0005086553956789431
338,0.015036209775134922,0.04449462741613388,0.00014234746813599486,0.0004716536483829259
339,0.015081104161217808,0.04450786367058754,0.00016904842494113836,0.000566399675590219
340,0.0150495414622128,0.044502242542803286,0.00017716776092129293,0.00046921315260988193
341,0.015028303544968367,0.04449680089950561,0.00016181574428628665,0.00042629301446140745
342,0.015105830878019333,0.04452504232525825,0.00020481900886807125,0.0005876305080892053
343,0.015047559831291437,0.04449094630777836,0.00014080327477131505,0.0005109289423853625
344,0.015057417014613748,0.044505770727992056,0.00018654123050509952,0.00047993795531510843
345,0.015046828417107463,0.04449237398803234,0.00013919509859988466,0.0005089150104322471
346,0.015047452729195356,0.044491660855710505,0.00016350852711184417,0.00048718775673478376
347,0.015062414724379778,0.0445058412104845,0.00016990084244753234,0.0005115010772715323
348,0.01506358121521771,0.044497953467071055,0.00017475448970799334,0.0005180348043359118
349,0.015049102194607257,0.04449334181845188,0.00015091679772012866,0.000503046946178074
350,0.015027317330241203,0.04449394065886736,0.0001646684797015041,0.00042334185309300665
351,0.015082773584872484,0.04450487766414881,0.00018081526963214855,0.0005626269633648918
352,0.015026110522449017,0.04448377165943384,0.00015770124387927355,0.00043685785341949666
353,0.015062644761055708,0.044498010464012624,0.000171908433912904,0.0005180146844213596
354,0.015062965853139758,0.04449133820831776,0.00015153605985688046,0.0005460225349816028
355,0.015036205127835274,0.04448831502348185,0.00016183784377062692,0.00045846157510823107
356,0.01505578450858593,0.04450409058481455,0.00019421574725129176,0.0004690463338920381
357,0.015036006849259138,0.0444814720004797,0.00014328059791296255,0.0004832670371251879
358,0.015053758593276144,0.04448824550956488,0.00015301972947781906,0.0005200095870532095
359,0.015031770495697856,0.04448492079973221,0.0001723957037756918,0.0004379940187209286
360,0.015032755266875029,0.04448457326740027,0.00016306260178680532,0.00045062901794153733
361,0.015037397798150777,0.04449203312397003,0.0001912713188357884,0.0004288880697276909
362,0.015080417776480316,0.044488961398601534,0.00014319891561171972,0.0006090920056885807
363,0.015036396915093064,0.04449059721082449,0.0001731729180755792,0.0004454195337166311
364,0.015027839979156852,0.04447499081492424,0.00015588402275170665,0.00045264414686243984
365,0.015037846332415939,0.044480798467993736,0.0001488828830042621,0.00048385643800429533
366,0.015037431502714754,0.04448307927697897,0.00016580833122134208,0.0004634057961811777
367,0.015043067010119558,0.04448520135134459,0.0001709370213211514,0.00047306184038461654
368,0.01506353223696351,0.04448740445077419,0.0001708225277980091,0.0005323689962096978
369,0.015017898827791214,0.04446890246123075,0.00014541764183377383,0.0004393756295030471
370,0.015053967479616404,0.0444914011657238,0.00018333232910663355,0.00048716803030401934
371,0.015020777601748705,0.04446870606392622,0.00014324943876999895,0.00045037648669676855
372,0.01505120873451233,0.044486755579710005,0.0001831208379007876,0.00048374889112892563
373,0.01501285396516323,0.044473716132342814,0.00015037291406770238,0.0004144718022143934
374,0.015040734205394984,0.04447041373699903,0.00015924231491226237,0.0004925459226433304
375,0.015020796442404389,0.04447482917457819,0.00016161145889782348,0.00042594762984663246
376,0.015035270042717456,0.044484152160584926,0.00018989907941431737,0.0004317579161579488
377,0.015038541331887246,0.04447029806673527,0.00013614083865832072,0.0005091842391266255
378,0.015017494158819318,0.04446713276207447,0.00015206080985080917,0.0004332880445144838
379,0.015049205059185625,0.04447494886815548,0.00017184620744956192,0.0005008192233071896
380,0.015037104217335583,0.04447305981069803,0.00015537922670773695,0.0004828727134008659
381,0.015008328082039953,0.04447056274861097,0.0001755806455912534,0.0003788399886980187
382,0.015044551407918334,0.04447059784084559,0.00015490765850699971,0.0005081478897045599
383,0.014997416445985436,0.04446104366332292,0.00015085866194567644,0.00038034609315218404
384,0.015048130471259356,0.04447260092943907,0.0001640582251275191,0.0005077314064692473
385,0.015032280460000038,0.0444674577191472,0.0001641911545448238,0.00046519126037310345
386,0.015009445482864975,0.044468103051185606,0.00017505657466244885,0.00038517591179697773
387,0.015028515076264739,0.044465425275266174,0.00014683723442431072,0.00047328164786449635
388,0.015047180140390993,0.04447231836616993,0.00016205326013732702,0.0005071678118110868
389,0.015005580456927419,0.04445758692920208,0.00015673022491682786,0.0004024234175449237
390,0.01503193510696292,0.04447271946817637,0.0001874195845448412,0.00043566546330112035
391,0.015030066650360822,0.0444579516351223,0.00013911175774410366,0.0004931355206645094
392,0.014992209877818822,0.04445075944066048,0.00014615885673265438,0.0003797104296972975
393,0.015024855826050043,0.044462925344705584,0.00016578925933572464,0.00044585165138414593
394,0.01504252596758306,0.044471049904823305,0.00018031911946309265,0.00047620779245335145
395,0.0150414854940027,0.04446712851524353,0.000166725180533831,0.000490601894853171
396,0.014994481476023794,0.0444458656385541,0.00014139720660750755,0.0003961806932784384
397,0.015013350266963243,0.04445458147674799,0.00014894346706569194,0.00043652487722283694
398,0.015021400023251773,0.04446065425872803,0.00015869867296714802,0.00044484607125923505
399,0.015010441821068525,0.04445144735276699,0.00015817277555470354,0.0004217044146207627
400,0.015008794954046606,0.04446028187870979,0.00016469867594423704,0.00040140348042768894
401,0.015014129532501102,0.044449809715151785,0.00014922375288733747,0.000443354325616383
402,0.015005871700122953,0.044452255368232725,0.00015551018019323239,0.0004098486147995573
403,0.015035039959475398,0.04445729024708271,0.00016132781907799654,0.0004865008674823912
404,0.015010956553742289,0.04445273000746965,0.0001665998061798746,0.0004135387142014224
405,0.014999865517020226,0.0444444302842021,0.0001447211569029605,0.00041044404242711606
406,0.01501722658984363,0.04445033885538578,0.0001487133661430562,0.0004526265869208146
407,0.015013207448646426,0.044453516229987146,0.0001637640376429772,0.00042234121807268823
408,0.015031414637342096,0.04445960760116577,0.00018563089615781793,0.000449004291658639
409,0.014999013682827354,0.04444064561277628,0.00014397463855857494,0.00041241973238356875
410,0.014999373266473413,0.044441795200109484,0.00014438222024182323,0.0004119415868626675
411,0.015048732319846748,0.044477097801864145,0.00022312416913337075,0.00044597390326089225
412,0.014985244441777467,0.044430711679160594,0.00012592691280588042,0.00039909374390845187
413,0.015017505958676338,0.04444114446640015,0.0001451751346758101,0.0004661974956252379
414,0.014998261947184802,0.044437626227736476,0.00013798831852909643,0.0004191706271376461
415,0.015018922099843622,0.04446338128298521,0.00021749649742559994,0.0003758874825143721
416,0.014979076581075787,0.044427885748445986,0.00012445760563423392,0.0003848854647367261
417,0.015028990423306823,0.04444119233638048,0.00014886960459989496,0.0004969084438198479
418,0.014996927278116346,0.0444368003308773,0.00014150792376312892,0.00041247271386964714
419,0.015007413839921355,0.044441452100873,0.00015973033769114408,0.0004210581639927113
420,0.015000767698511481,0.04444529175758362,0.00017679289921943565,0.0003802172602445353
421,0.01499819613993168,0.04443193737417459,0.0001345145682716975,0.0004281356577848783
422,0.015002742372453214,0.04443645626306534,0.00016091277822852135,0.00041085700584517324
423,0.015012167897075414,0.04444155491888523,0.00016249466796580236,0.0004324530802841764
424,0.014987935470417142,0.044428856410086155,0.00014819599200563971,0.00038675304283970036
425,0.01499924666248262,0.044434876181185246,0.00014759725156181957,0.0004152659584360663
426,0.01502592616714537,0.04444301567971706,0.0001748715170106152,0.0004598903614532901
427,0.01497399503365159,0.04442596036940813,0.0001421715690958081,0.00035385215371206867
428,0.014993369346484542,0.044429002292454244,0.00015768155899422708,0.00039342316958936865
429,0.015017255833372474,0.044437537863850594,0.0001463181196595542,0.00046791053748165726
430,0.015018408335745335,0.04445787366479635,0.0002354450008715503,0.00036190576465742195
431,0.014978820560500025,0.04441293727606535,0.00012101142834580969,0.00040251206330140123
432,0.014999593105167151,0.044425433203577995,0.00013661292410688475,0.00043673195817973466
433,0.014992952579632401,0.04442117888480425,0.00014127877017017454,0.0004163990785309579
434,0.015005999039858579,0.04443981409072876,0.00017943236431165133,0.00039874992944533005
435,0.015003408389165997,0.044423282109200955,0.00013449112768284976,0.00045245106834045144
436,0.014976383028551936,0.044421857446432116,0.00015881962688581551,0.0003484713614307111
437,0.014991882182657719,0.04441936932504177,0.00014462876650213729,0.0004116476581111783
438,0.015007246546447276,0.044437313079833986,0.0001814562824438326,0.0004029693309712457
439,0.014970263270661234,0.04441124957054853,0.00013498750260623637,0.00036455175883020273
440,0.014983871737495064,0.04441400814801454,0.00013849916635081172,0.0003991069305629935
441,0.015008475175127387,0.04443369962275028,0.00016942753638431895,0.0004222977095923852
442,0.015004484653472901,0.04442454233765602,0.0001584852853557095,0.0004304255165334325
443,0.014989431938156486,0.04441861968487501,0.00014612571008910892,0.0004035494729760103
444,0.01497022507712245,0.044409750290215017,0.00014551773041603154,0.0003554062286275439
445,0.014986356198787689,0.044420063085854056,0.00017308129179582465,0.0003659234559017932
446,0.014994012610986828,0.04441469084471464,0.00013759183617366943,0.0004297539673279971
447,0.014982107905671,0.04441467065364122,0.00014826033402641768,0.000383391649229452
448,0.014989397879689932,0.0444166050106287,0.00016308532482071315,0.00038850241544423624
449,0.014997803969308734,0.04441260743886232,0.00014577676251064986,0.0004350267922563944
450,0.014993236120790242,0.04442264679819345,0.00016663523514580446,0.00039042530093865937
451,0.014976625069975854,0.044405951537191866,0.00014147827947454063,0.00038244451105128973
452,0.014987982138991355,0.04441741868853569,0.00015733073145383968,0.00038919625876587816
453,0.015001634918153286,0.04441598791629076,0.00016233199057751334,0.000426583831285825
454,0.014962899629026652,0.044404153600335124,0.00014907438220689072,0.00033546980244864244
455,0.014981350237503648,0.04440134361386299,0.00013656659735715947,0.0004061396281758789
456,0.014995534252375365,0.0444164602458477,0.00017002672269882167,0.0004001146429800428
457,0.014974114494398236,0.044403973259031775,0.00014468377084995155,0.00037368565615906844
458,0.014978342801332473,0.04440835330635309,0.00015319879268645308,0.00037347524987126236
459,0.01496893547475338,0.0443993703648448,0.00014142763058771379,0.0003660074921208434
460,0.015020562997087837,0.0444187381118536,0.00016418649422121235,0.00047876338423520794
461,0.014967220099642874,0.04439572621136904,0.00013757364817138296,0.0003683596660994226
462,0.01500238323584199,0.04441523216664791,0.00017287270085944328,0.00041904393590812104
463,0.01497263077646494,0.04439976632595062,0.00014675508056825494,0.000371369975109701
464,0.014985233740881086,0.0444052517041564,0.00016762516483140644,0.0003828235724358819
465,0.014950820785015822,0.04438839666545391,0.00013603617175249382,0.0003280286378867459
466,0.015009598722681403,0.04442057859152555,0.00019906396075384692,0.0004091527091077296
467,0.014945942861959337,0.04438238326460123,0.00012392839882522822,0.0003315159161138581
468,0.014999097436666489,0.04440286621451378,0.00014377906038134824,0.00045064628691761756
469,0.01495679578743875,0.04438718881458044,0.00014123547924100422,0.0003419619405030971
470,0.014997899448499084,0.04440666526556015,0.00015841463653487153,0.00042861760659434366
471,0.014975325800478459,0.044393100775778294,0.0001485570168006234,0.00038431845961895306
472,0.014951282646507025,0.04439102217555046,0.00015553525518043898,0.00030728966114111243
473,0.015004135556519032,0.044403609409928324,0.00016732900832721497,0.0004414673634164501
474,0.014940928919240832,0.04437549561262131,0.00012264215503819288,0.0003246481110545574
475,0.014984255265444517,0.04439559638500214,0.00015518005871854258,0.00040198856739152687
476,0.014994114758446813,0.04440081302076578,0.00016180852697289083,0.00041972191887907685
477,0.014929428212344647,0.04437561050057411,0.00013636156261782163,0.00027631184275378473
478,0.014992147721350192,0.04438901491463185,0.00014206954372639302,0.0004453579113760497
479,0.014979950776323676,0.04440138090401888,0.0001899032184155658,0.00034856712227337994
480,0.014978351024910807,0.044383935667574405,0.00013381281176407355,0.0004173038565204479
481,0.01495951745659113,0.04438057955354452,0.0001393962645670399,0.0003585756111715455
482,0.014957385053858161,0.0443812832981348,0.0001466571959463181,0.0003442141004052246
483,0.01496537322178483,0.0443829170614481,0.00015350249319453723,0.00035969928751001135
484,0.014967508409172296,0.044380827732384207,0.00014737073950527702,0.00037432611148688013
485,0.014978276630863548,0.04438349470496178,0.00015062971571751403,0.0004007045774778817
486,0.014960288824513555,0.04438086051493883,0.00015037035969726276,0.000349634657977731
487,0.014967189570888877,0.04437810599803924,0.0001445014597993577,0.00037896029170951805
488,0.014967811815440655,0.0443792038410902,0.00015653197289793751,0.000367698823029059
489,0.014955852972343564,0.04438093889504671,0.00015560458625259342,0.0003310142875125166
490,0.014981199437752366,0.044382899701595306,0.00015402308519696817,0.0004066745990712661
491,0.014974549561738968,0.04437881555408239,0.0001543381479132222,0.00039049398437782654
492,0.014954958613961934,0.044367621429264543,0.0001364542425289983,0.00036079928773688155
493,0.014968956857919692,0.044377055019140244,0.0001575083385250764,0.0003723062342760386
494,0.014969138726592064,0.044373754635453226,0.00014979557134211062,0.00038386518936022184
495,0.014967784993350506,0.04437449187040329,0.00014749473724805283,0.0003813674173579784
496,0.014967498872429132,0.04437165539711714,0.0001489633166784188,0.00038187691825442016
497,0.0149403640255332,0.044366761893033985,0.00014900384936481715,0.00030532548938936086
498,0.01495330416597426,0.04436491057276726,0.0001462938010809012,0.0003487073221913306
499,0.014953902335837483,0.0443646340072155,0.000146024383866461,0.00035104783972201404
500,0.014979503527283668,0.04437696948647499,0.000172555927420035,0.0003889843109209323
501,0.014933372670784593,0.044355879426002505,0.00013016524528211448,0.00031407235488586596
502,0.014998674215748907,0.04437815822660923,0.00016049469108111224,0.00045736888801911846
503,0.014952510884031654,0.04436105240136385,0.00015577043341181708,0.0003407088907988509
504,0.014965458232909441,0.04436438985168934,0.00014916124891897197,0.00038282258254184853
505,0.014949742872267961,0.04436172910034657,0.00015160137234488503,0.00033589719409064854
506,0.014971883036196232,0.04436421882361174,0.00015125220852496568,0.0004001771409821231
507,0.014947905568405986,0.04436085917055607,0.00016090791068563705,0.00032194891529798044
508,0.01494112156331539,0.04435030002146959,0.00013252124517748598,0.0003405426210520091
509,0.014965412272140384,0.04436428960412741,0.00014713631870108657,0.00038480984687339515
510,0.01496997463516891,0.0443619654327631,0.0001589722283097217,0.0003889854809676763
511,0.014948214609175921,0.04435180984437466,0.00014446223729464692,0.00034837085273466074
512,0.014953831117600203,0.0443584031611681,0.00015089304091816302,0.00035219612371292894
513,0.014956284379586578,0.044353511035442356,0.00015394898284284864,0.00036139203395578077
514,0.014943596590310335,0.04434979774057865,0.00015164322481723503,0.00032934800765360706
515,0.014949380522593855,0.04434959083795548,0.0001359515584044857,0.0003625981800723821
516,0.014957851618528367,0.04435509148985148,0.00015655452785722445,0.0003619079732015962
517,0.014952945681288838,0.04434468913823366,0.000140998475253582,0.0003731485422758851
518,0.01495736732147634,0.04435493998229503,0.0001542955345212249,0.00036286560804001057
519,0.014940124051645399,0.04434564758092165,0.00015221358342387247,0.00032250996453512924
520,0.01494773636572063,0.044343350157141685,0.0001404201248078607,0.00035943771938036663
521,0.014961763573810459,0.044348622225224975,0.00015147610967687796,0.0003851912161917426
522,0.014954748237505555,0.0443494238331914,0.0001566630441811867,0.00035815686409478075
523,0.014954494582489132,0.04435176011174917,0.00017239344735571648,0.00033932930367882365
524,0.014930414566770196,0.04433176688849926,0.00013295950324391015,0.0003265165521588642
525,0.014953728094696998,0.04434084963053465,0.0001435222406144021,0.00037681133770092854
526,0.014957152036949993,0.04434312917292118,0.000148907212424092,0.0003794187493622303
527,0.014964035274460911,0.04435114920139313,0.00017297723192314152,0.0003679785185522633
528,0.014930220227688551,0.04433238487690687,0.00013647151477925946,0.00032180335409066175
529,0.014950218982994557,0.044342131949961186,0.00015844710847886745,0.00035007728227355985
530,0.014942865949124098,0.044331133998930454,0.00013600493206467946,0.00036145772515737916
531,0.01495341650210321,0.04434189304709434,0.00015717796013632325,0.00036117743009526747
532,0.014934661155566574,0.044328943863511085,0.00013944544443802442,0.0003355932571139419
533,0.014941287469118833,0.04433438494801521,0.00015071948859258556,0.00033875725894176866
534,0.014960778821259737,0.04434029150754213,0.0001597317965934053,0.000382311960493098
535,0.014944731080904603,0.044339078404009344,0.00017476004686614032,0.00032035390293458474
536,0.014937053266912699,0.0443262255564332,0.0001408974701917032,0.0003440357052750187
537,0.014935321249067783,0.0443244094774127,0.00013648184394696728,0.0003450716327643022
538,0.014972571283578873,0.04434010196477175,0.00016575370835198556,0.00041185730857250745
539,0.014929054379463196,0.044324418902397154,0.0001397417731641326,0.00032300167811627034
540,0.014948719618842006,0.044331923723220826,0.00015574455581372605,0.00035848968036589213
541,0.014930878467857837,0.04432046689093113,0.00014277967595262452,0.00032938770651526285
542,0.01494475433602929,0.04432541064918041,0.00015221795518300497,0.00035663360642502085
543,0.01493420496582985,0.0443263179436326,0.0001614519786380697,0.0003148442445672117
544,0.01494239187799394,0.04431974418461323,0.00013745100310188718,0.00036997934192186223
545,0.014946864629164338,0.04433030474931002,0.0001697046111075906,0.00034058351593557745
546,0.01493697764351964,0.04431725095957518,0.00013938847761892247,0.0003542925742658554
547,0.014957797769457102,0.044325828328728674,0.00016035849308536853,0.00038720543576346243
548,0.014942097710445523,0.044321617372334005,0.0001453975360345794,0.0003592774424032541
549,0.014935865001752972,0.044315657280385494,0.00014582146257453133,0.0003461152121599298
550,0.014920998895540834,0.04431621465831995,0.00016319302296324167,0.0002835879482154269
551,0.01494699103757739,0.04432020541280508,0.00015572456482914276,0.0003650420329358894
552,0.014934628196060657,0.04431408639997244,0.000150831757200649,0.0003389653431804618
553,0.014933445947244764,0.04431287173181772,0.0001473614734277362,0.0003401035408023745
554,0.014952322272583841,0.0443178765848279,0.00015382882702397183,0.0003852603706764057
555,0.014917523385956883,0.044305738173425195,0.00014292193947767373,0.0003039090265519917
556,0.014954160079360007,0.04432425677776337,0.00017262016277527436,0.0003656022679206217
557,0.014923039991408586,0.04430256854742765,0.00013494017657649237,0.0003316103504766943
558,0.01493808331899345,0.04430731739848852,0.00014322076764074155,0.00036371088259329554
559,0.014930150974541902,0.044317903369665144,0.00018045472315861844,0.00029209376727521883
560,0.0149172518029809,0.044296118654310705,0.00012807860861357767,0.00032755729254859035
561,0.014978562807664275,0.04432511035352946,0.000178862863467657,0.0004317141824867576
562,0.014918131465092301,0.04429736215621233,0.0001402711968694348,0.0003167601485620253
563,0.014932587035000324,0.0443052988499403,0.0001511282790306723,0.00034133291555917824
564,0.014929990926757454,0.044302907399833204,0.00015422268639667892,0.0003328416957083391
565,0.01492942345328629,0.04430097661912441,0.0001545821765466826,0.00033271062806306873
566,0.014933838397264481,0.04430044263601303,0.00015033979783765972,0.000350731864455156
567,0.014942563427612186,0.04430313404649496,0.00015410411608172582,0.0003704510057286825
568,0.014928527371957899,0.044303700439631936,0.0001771284644928528,0.0003047522066481179
569,0.014928709315136075,0.04429467607289553,0.0001385053498961497,0.0003529457217518939
570,0.01500228107906878,0.044326497800648214,0.00019704821053892374,0.0004832959770283196
571,0.014883854538202285,0.04428308639675379,0.00013424616401607636,0.00023422988953825552
572,0.014906425159424544,0.044286783412098886,0.00014294296852312982,0.0002895485240151174
573,0.014949717745184898,0.044305561184883116,0.0001755269610293908,0.00036806409523705954
574,0.014906956553459168,0.04428193897008896,0.00012927179042890202,0.00030965793252107687
575,0.014958390537649392,0.044304898157715794,0.0001682275784696685,0.00040204490527685267
576,0.014904019134119153,0.04428487777709961,0.00014530220345477574,0.00028187623647681905
577,0.014930749600753189,0.04429366115480662,0.00016234267604886554,0.0003362438850308536
578,0.014946603514254093,0.04429423857480288,0.0001615405975462636,0.00038403066035243684
579,0.014921997543424367,0.044283553697168826,0.00014047684977413154,0.00034196108725154773
580,0.014960590954869986,0.044303044378757477,0.00017915388139954302,0.00039957381166459525
581,0.014882237529382109,0.044274789541959764,0.0001414565005688928,0.00023046545109536965
582,0.014964160164818168,0.044306943491101265,0.00020781449842615984,0.00037772190320538356
583,0.014899210100993513,0.04427353013306856,0.0001303068335982971,0.00029379230123595336
584,0.014961277525871992,0.04429522011429071,0.00017208116594702005,0.00041653050589957275
585,0.01490509015507996,0.04427566476166248,0.0001344760649226373,0.0003051287702692207
586,0.014911794774234296,0.04427971228957176,0.00015109366257092915,0.0003045771944016451
587,0.014984914939850569,0.04431096401065588,0.00021756909205578268,0.0004262108013062971
588,0.014883770672604442,0.04426748879253864,0.0001349358249717625,0.00024888678919523957
589,0.014934588624164462,0.044282486364245414,0.00016042112511058804,0.0003608575545513304
590,0.014915030365809798,0.04427509482949972,0.0001500363070954336,0.0003199588822462829
591,0.014915113085880876,0.0442716284841299,0.00014203685612301342,0.0003316730690858094
592,0.014914514739066362,0.044272705540061,0.0001463951376354089,0.00032444276235764845
593,0.014932854492217302,0.044279603622853755,0.0001622368510288652,0.0003567219931574073
594,0.014937098938971757,0.04428494159132242,0.00018574273453850765,0.00034061154088703915
595,0.014901900887489319,0.04426361910998821,0.0001385595053579891,0.00030352314926858527
596,0.014926494751125573,0.04427287045866251,0.00015542172062851022,0.00035119119966111614
597,0.01492769000120461,0.04427333869040012,0.00015486712094570977,0.00035486323358782104
598,0.014942679069936276,0.04428557459264994,0.00018978297179273796,0.00035267865721834825
599,0.01490002492442727,0.0442636213824153,0.00015231799487082752,0.0002841345238266513
600,0.014949313243851065,0.044281790032982826,0.00017789581550459844,0.0003882529055408668
601,0.01490021362900734,0.044260783232748506,0.0001512970261683222,0.0002885597461136058
602,0.014957276210188865,0.04428052317351103,0.00018016682981397025,0.00041113755985861645
603,0.014868420213460923,0.044249781146645545,0.00013759775014477783,0.00021788067562738433
604,0.014928730810061097,0.044267079420387746,0.00015963335441483652,0.00035947859556472394
605,0.014935860047116875,0.04427193719893694,0.00017417617345927283,0.0003614658588048769
606,0.014908217284828424,0.044261127226054665,0.00015406691549287643,0.0003094569288077764
607,0.014916577637195587,0.04426281228661537,0.0001616765800281428,0.0003252429455460515
608,0.014895056691020727,0.04425425566732884,0.0001494173030368984,0.00028149602920166214
609,0.014941903548315167,0.04426900822669268,0.00017424061385099777,0.0003824607560090953
610,0.014902009749785066,0.04425368834286928,0.00014903178678650874,0.0003033079514716519
611,0.014984462540596724,0.04428737815469504,0.0002153623622871237,0.00045064631165587344
612,0.014859329480677842,0.04423980768769979,0.00013393833993177395,0.00020424148315214551
613,0.014925875375047326,0.04426142588257789,0.00017707345228700432,0.00033912588987732305
614,0.014907981548458338,0.04425202187150717,0.0001565349381417036,0.0003153868284425698
615,0.014917177855968475,0.04425420098006725,0.00015976453265466263,0.00033756711090973115
616,0.015004218295216561,0.04428720887750387,0.00019625375425675885,0.0005291913042310626
617,0.01484504851512611,0.044230149611830714,0.00012732772978779394,0.0001776670917752199
618,0.014901161193847656,0.0442458975315094,0.00015165406606683972,0.0003059312087862054
619,0.014910928346216679,0.0442500064894557,0.00015952137458953076,0.0003232560389733408
620,0.014987611696124076,0.04427781451493502,0.00020623209762561602,0.0004787874395697145
621,0.01485164262354374,0.0442294317856431,0.00013052115849859547,0.00019497401488479226
622,0.014897916736081242,0.044241999983787535,0.00015415955189382658,0.00029758981610939373
623,0.014935613069683313,0.04426117978990078,0.00019681540616147685,0.0003488427895354107
624,0.01498374185524881,0.044267260767519474,0.00018734990328084678,0.0004966138920281082
625,0.014851846313104034,0.044224326685070994,0.0001298251330445055,0.00020138618594501168
626,0.01489233979023993,0.04423616677522659,0.0001553957192663802,0.0002854559616389452
627,0.01493252963759005,0.044249738194048406,0.00018102571397321299,0.00036682406615000217
628,0.014930100040510296,0.0442508265376091,0.0001810564921470359,0.0003584161352046067
629,0.01487663757055998,0.044228471741080286,0.00014968725525250193,0.00025175271730404347
630,0.014972127946093679,0.04426493063569069,0.00021574147111095955,0.0004357105556118768
631,0.01484931342303753,0.044219166114926337,0.0001366428637993522,0.0001921305263385875
632,0.0149503137730062,0.04425206620246172,0.00018687637842958792,0.0004119979072129354
633,0.014883443415164947,0.04422558251768351,0.00014251900829549414,0.0002822277198720258
634,0.014924453170970083,0.04424268059432507,0.0001825757142796647,0.00034810200551874007
635,0.014914571708068251,0.04423768267035484,0.00017489593141363003,0.0003311354385368759
636,0.014890913600102067,0.0442277230322361,0.0001595424909464782,0.00028547464607981966
637,0.014934046361595392,0.0442443922534585,0.00019442625140072778,0.000363319413154386
638,0.014868984967470168,0.044217352904379364,0.00014482643106020988,0.00024477456296153835
639,0.014920885423198343,0.04423330824822187,0.00017380620884068775,0.00035554078785935415
640,0.014932532366365193,0.04423919651657343,0.00018818889344402123,0.00037021055875811724
641,0.014869693387299775,0.04421548388898373,0.00014943922695238144,0.000244155920954654
642,0.01491713834926486,0.04423177413642407,0.0001830147696455242,0.0003366253232525196
643,0.01496328112669289,0.04424519456923008,0.00019395575363887474,0.00045069226835039446
644,0.014845746969804167,0.04420529380440712,0.00014050818113901187,0.0001914380135713145
645,0.014908728245645762,0.04422528613358736,0.00018017054302617907,0.00032072720685391684
646,0.014897503517568111,0.044219490699470045,0.00016646550597215537,0.00030655346214189197
647,0.014899271400645375,0.04421915784478188,0.0001655256674712291,0.0003131297557411017
648,0.014912985255941749,0.04422167632728815,0.00016946129078860395,0.0003478171250026207
649,0.01492971634492278,0.0442261603847146,0.00018674436047149356,0.0003762434918462532
650,0.01487822380848229,0.044211310967803,0.00016146556212333962,0.0002618938543309923
651,0.014900478990748525,0.044214477948844436,0.00017816392268287017,0.0003087941087142099
652,0.014966507460922002,0.04423773653805256,0.0002095967713103164,0.00045218799452413806
653,0.014844302097335458,0.04419713702052832,0.00014329408040794078,0.00019247423289925792
654,0.014905689340084792,0.044211366325616834,0.0001745049443707103,0.0003311957811820321
655,0.014924114122986793,0.04421450033783913,0.00018448909606377128,0.0003733519636443816
656,0.014886231059208513,0.04420782718807459,0.00017016413556120825,0.00028070078558812384
657,0.01489024806767702,0.04420422218739986,0.00017849690360890235,0.0002880241310049314
658,0.01492519618012011,0.04421409595757723,0.00018773949246678968,0.00037375227169832213
659,0.014887188281863927,0.04420369528234005,0.00017216244697920046,0.0002857062096882146
660,0.014892859477549791,0.04419913053512573,0.00017487593344412745,0.00030457122018560766
661,0.01492755618877709,0.0442112448439002,0.000210259882878745,0.00036116288240009456
662,0.01490159323439002,0.04420081127434969,0.00018034442902717274,0.0003236230197944678
663,0.014945860803127289,0.04421503268182278,0.00021437425217300189,0.0004081744235008955
664,0.014882000982761384,0.04419484682381153,0.0001730439630773617,0.000278111382649513
665,0.0148943333607167,0.044196220971643926,0.00018461771018337458,0.00030216048893635163
666,0.014907829593867064,0.04419810388237238,0.00018117431325663348,0.00034420962860167494
667,0.014912313828244806,0.044202482253313066,0.00020597371774783824,0.0003284845978487283
668,0.01490084569901228,0.04419710721820593,0.00018811715679476038,0.00031731188340927474
669,0.014906720714643598,0.04419422384351492,0.0001879592175100697,0.0003379780100658536
670,0.014933730941265821,0.04420545857399702,0.00020467898000788408,0.0003910543900565244
671,0.014891770984977484,0.04419220082461834,0.0001800135428493377,0.00030309771034808363
672,0.014938337067142128,0.044203838407993315,0.00020097245142096652,0.00041019929529284127
673,0.014852164890617131,0.044176493510603904,0.00016531637651496568,0.00021468368322530296
674,0.014894647877663375,0.044190248511731624,0.00020162867360340897,0.00029206550563685594
675,0.014893422909080982,0.04418304692953825,0.00018942482107377147,0.00030779614666244016
676,0.014934566840529441,0.044196495413780214,0.00021701681645936333,0.0003901873409631662
677,0.014918395970016717,0.044194798544049264,0.00020853737471043132,0.00035185118336812594
678,0.014881373113021255,0.04417721375823021,0.00017585851084731986,0.0002910461246210616
679,0.014910302171483637,0.044186443574726585,0.00020211196911986917,0.0003423499467317015
680,0.014908075938001275,0.04419041283428669,0.000205591848352924,0.00032822217253851703
681,0.014868893483653665,0.04417129177600145,0.00017198289111547638,0.00026340487434936224
682,0.015003455746918916,0.044227217137813565,0.00026546141882136,0.0005176878167549149
683,0.014887452237308025,0.044182036966085435,0.00020654417428886518,0.00027377458376577125
684,0.014873291589319706,0.04416786082088947,0.00018252884270623327,0.00026948409496981186
685,0.014938578810542821,0.044193193688988684,0.000234092699829489,0.00038844890805194153
686,0.014885929115116596,0.04416833162307739,0.00019917622950742952,0.0002902786534104962
687,0.014937821542844176,0.04419264454394579,0.00023667743153055198,0.0003841415962233441
688,0.014896975867450236,0.04417039882391691,0.00022204755681741516,0.00029848040416254664
689,0.014901954950764774,0.044173599109053614,0.0002263252084958367,0.0003059395877789939
690,0.014887851066887378,0.04416757002472878,0.00020340350834885612,0.00029257874142786023
691,0.014916718481108546,0.044177690707147124,0.0002420580867328681,0.00033040583250112834
692,0.01490536157041788,0.04417319301515818,0.0002274924999801442,0.00031539833144051955
693,0.014937593908980489,0.04418598186224699,0.0002763186692027375,0.00035048022982664406
694,0.014901906363666057,0.04417153377085924,0.0001997331414168002,0.00033445117966039104
695,0.014901441633701324,0.04416942149400711,0.0002427122092922218,0.00029219015996204687
696,0.014909145990386605,0.044171887636184695,0.00023992892442038284,0.00031562079282593914
697,0.014919218393042683,0.044175495095551014,0.0002522722464345861,0.00032988668412144763
698,0.014896628623828291,0.04416677135974169,0.00021283768248395063,0.0003102759578905534
699,0.01494995629414916,0.044186444133520124,0.0002963458959129639,0.00036707805120386185
700,0.014906698781996965,0.044168402627110484,0.0002027594097307883,0.00034893320887931624
701,0.014890676932409405,0.04416262235492468,0.00023702562175458296,0.00027238203350862024
702,0.014911300009116531,0.044168414510786534,0.00025509549959679134,0.00031038910179631785
703,0.014920142656192183,0.044171915166079996,0.0002572439228242729,0.0003312680272938451
704,0.014902996644377709,0.04416442137211561,0.00023352381176664495,0.0003110437941359123
705,0.014983731247484684,0.044197549633681776,0.0003077664646843914,0.00044587669872271364
706,0.014867511196061969,0.04415154613554478,0.00019459366623777896,0.0002563927794835763
707,0.014878984121605755,0.04415264718234539,0.00021149488384253345,0.0002728093212499516
708,0.014970005797222257,0.04419037871062756,0.00030072597990510986,0.0004189116623456357
709,0.014860172206535936,0.04414490837603807,0.00019012288641533814,0.0002454845004831441
710,0.014920792328193783,0.04416389126330614,0.00025902856621542016,0.00033945613926334773
711,0.01490015028975904,0.044155844151973725,0.00024180311404052191,0.00030280267863417974
712,0.014971115188673138,0.04418915499001742,0.0002884486992843449,0.0004357410166267073
713,0.014870178094133735,0.04414390176534653,0.00019533318307367155,0.0002712984199024504
714,0.014883740087971092,0.04414393212646246,0.00022058831396861933,0.0002866987542802235
715,0.014966000150889159,0.044180756099522114,0.00029317391628865154,0.0004240694506734144
716,0.014868413731455803,0.04413958940654993,0.0002023574233317049,0.00026329343505494764
717,0.014889985797926783,0.04414354398846626,0.0002300887856108602,0.00029632369602040855
718,0.014989121500402689,0.04418700031936169,0.0003110061060579028,0.00046935744867369065
719,0.014892656924203038,0.04414625320583582,0.00022582070290809496,0.00030589613656047734
720,0.014914503321051598,0.04414883811026812,0.00023439681244781242,0.00036027398164151236
721,0.014932186314836145,0.044154194034636024,0.0002638574516458903,0.0003785063934628852
722,0.014878077721223236,0.04414097707718611,0.00022186697780853136,0.00027138808378367684
723,0.014933158773928881,0.04415596559643745,0.0002799159561982378,0.0003635937035869574
724,0.014888527654111385,0.04414038263261318,0.00020379434921778737,0.00032140493218321356
725,0.014918956449255347,0.044150709696114065,0.00029129023096174933,0.0003148685373889748
726,0.014994587488472462,0.04417881388217211,0.0003159564349334687,0.000488991338206688
727,0.014876827811822296,0.04413882058113813,0.0002015087658946868,0.00029015308027737776
728,0.014888877216726541,0.04413579732179642,0.00023050322226481513,0.00030032993803615684
729,0.01490790101699531,0.0441422175988555,0.0002459344384260476,0.0003355500433826819
730,0.014892129581421614,0.04413405042141676,0.00023973686737008393,0.000302600545619498
731,0.014937190199270844,0.04415398348122835,0.0002987206686520949,0.00035886555197066626
732,0.014906821800395846,0.04413967657834292,0.00022715721366694196,0.0003536308719776571
733,0.014888545153662563,0.044132129773497585,0.00022558472599484958,0.0003079200835782103
734,0.014919753400608898,0.04414295841008425,0.0002587208920158446,0.0003575801385159139
735,0.014895027484744788,0.04413291100412607,0.00023609667623532006,0.0003160736752761295
736,0.014911757474765181,0.04413940668106079,0.00025860976747935636,0.0003372550061612856
737,0.014907697858288884,0.04413595516234636,0.0002526203823799733,0.0003345169126987457
738,0.014921579472720624,0.044142434261739256,0.00026165944495005534,0.0003606437527923845
739,0.014901882847771048,0.044135898873209956,0.0002614543946401682,0.00030829461640678344
740,0.014936982728540897,0.0441448112949729,0.00027230736421188337,0.0003938287013443187
741,0.014895122386515141,0.04413181386888027,0.00025759894095244817,0.00029595333980978464
742,0.01492986005730927,0.04413910552859306,0.00026894757043919524,0.00038152601737238
743,0.0148969632294029,0.04413137700408697,0.00025657208447228187,0.00030293944058939814
744,0.015015764106065034,0.04416795659810305,0.00032724261182011106,0.0005520922537834849
745,0.014840573258697986,0.04411553923040629,0.0002080146314983722,0.00019816497449937743
746,0.014885645965114236,0.044118975773453716,0.0002607992917182855,0.00027716221593436784
747,0.014991797544062137,0.04415847051888704,0.00034742626172374003,0.0004694949697295669
748,0.014864912647753954,0.044123794585466385,0.0002412409451790154,0.00022970163598074578
749,0.014973943661898375,0.04415107503533364,0.00030428467129240745,0.00046647046459838746
750,0.014867145046591758,0.04412002872675657,0.0002441941596043762,0.00023721144163573626
751,0.014919962408021093,0.04413039438426494,0.00027047262366977523,0.00035901930401450956
752,0.014925965033471584,0.04413660909980535,0.0002916407545853872,0.0003496442966570612
753,0.014903816934674978,0.0441290245577693,0.00025441904879698997,0.00032800650034914725
754,0.014943521488457918,0.04414319656789303,0.00029687345726415516,0.0003904932356090285
755,0.014870457667857408,0.04411572881042957,0.0002312995544343721,0.0002643434672791045
756,0.015045681493356824,0.044173846058547496,0.0003703734747250564,0.0005928240546199959
757,0.014859398035332561,0.04411280646920204,0.00022591995584662073,0.00023946654167957603
758,0.01496437456458807,0.044131823517382145,0.00029266805140650833,0.00046863122915965507
759,0.014897823119536042,0.044128352515399455,0.00028885391700896436,0.00027626184608379843
760,0.014893292980268598,0.04411992736160755,0.0002762297019944526,0.0002837207635457162
761,0.014908468835055828,0.044113903269171716,0.0002623059401230421,0.0003491964432032546
762,0.014900041855871677,0.044108046293258665,0.000233752475323854,0.00035832599191053304
763,0.016556921135634183,0.04488872323185206,0.0017427742239669896,0.0030392650181602222
764,0.014859657725319267,0.04427166346460581,0.00015075754599820358,0.00015655094539397397
765,0.01483644500374794,0.044229437820613386,0.00012596071464940906,0.00015393560846860055
766,0.014819300388917328,0.04420266602188349,0.00011870227543113287,0.0001365322043420747
767,0.014813701817765833,0.04417876485735178,0.00011819285413366742,0.00014414665965887253
768,0.014825700465589762,0.04415971040725708,0.00012591268990945535,0.00019147725150105542
769,0.014839850859716534,0.044140138402581214,0.00014497501724690663,0.00023443821221007965
770,0.014860496437177063,0.044123462289571765,0.00018420721884467638,0.00027381900647014843
771,0.014886722657829523,0.04411459658294916,0.00023476250673411413,0.0003108079198864289
772,0.014944447660818696,0.04414274275302887,0.0003473749007389415,0.0003432242947747
773,0.014861128451302648,0.04410672921687365,0.00019364081483217889,0.0002830145061307121
774,0.015054815895855427,0.04417893178761005,0.0003723904695652891,0.000613124502269784
775,0.014900424545630812,0.0441329612582922,0.0003164633132109884,0.00025184815924149005
776,0.014898183485493065,0.04412021305412054,0.00025903143832692874,0.0003153052912966814
777,0.014902850994840264,0.044117798395454884,0.00025448175059864295,0.00033627199642069174
778,0.01493378889746964,0.04412703823298216,0.00028004928470181766,0.0003942782260128297
779,0.014874897906556725,0.04411063943058252,0.00027201817167224365,0.00024203537701396273
780,0.015178565829992295,0.04421553771942854,0.00046473829032038337,0.000855420516745653
781,0.014829443404451012,0.044120101928710936,0.00018332037623622455,0.0001849069843592588
782,0.01482581878080964,0.04408453281968832,0.00019139631374855525,0.00020152645083726384
783,0.014960109246894717,0.04412986543029547,0.00036025913432240485,0.0003902022608963307
784,0.014898670464754104,0.04410878870636225,0.00027860321992193346,0.00030861841747537256
785,0.014882025578990578,0.04410830438137055,0.00028880286481580697,0.00024896851129597053
786,0.015049557583406568,0.04416467659175396,0.0004021186333557125,0.0005818764439754887
787,0.014834671141579747,0.044114593751728534,0.0001962687011109665,0.00019315017394546885
788,0.014904359625652432,0.04411018569022417,0.0002670078197843395,0.00033588455342396627
789,0.01489922983571887,0.04411357082426548,0.00028818761049478783,0.00029593003979243803
790,0.01498180785216391,0.044132104478776454,0.0003354771244630683,0.00047784107737243177
791,0.014901904594153166,0.044124736599624154,0.00032727910700486974,0.00025369701514136976
792,0.01488439385779202,0.04410332813858986,0.00024544168612919745,0.00030441066293860784
793,0.01490330608561635,0.04410423051565886,0.00023853004662669264,0.00036715674294100607
794,0.014980054218322039,0.04412336826324463,0.00037171111500356347,0.0004450823465595022
795,0.014934405190870166,0.044138186648488044,0.00039313211440457964,0.00027189576459932144
796,0.014993530996143818,0.04414517156779766,0.00032850831979885697,0.0005069120631378609
797,0.014831769671291113,0.04408577438443899,0.00020837694595684297,0.0002011567002045922
798,0.014993013162165881,0.0441326978802681,0.0003365528800350148,0.0005097879096865654
799,0.014896908150985837,0.04412598580121994,0.0003253479361592326,0.00023938960905070417
