,total,data,pde
0,0.2634797909855843,0.2557089687883854,0.007770821380254347
1,0.21785663470625877,0.20366434529423713,0.014192289086058735
2,0.21077808931469919,0.19390111207962035,0.01687697820365429
3,0.20965152963995934,0.19204508095979692,0.017606448326259853
4,0.20920546025037765,0.19125324860215187,0.017952211489900945
5,0.2089510090649128,0.19081151515245437,0.01813949433155358
6,0.20876720622181894,0.19051340267062186,0.01825380392372608
7,0.2086472338438034,0.1903148412704468,0.018332392554730178
8,0.20854090124368668,0.19014955520629884,0.018391346130520105
9,0.20846989423036574,0.19003856033086777,0.018431333750486376
10,0.20841430574655534,0.18996023669838905,0.018454069029539822
11,0.20836576879024504,0.18988223373889923,0.018483535535633564
12,0.20829990655183792,0.18979765266180038,0.018502253610640763
13,0.20826376006007194,0.18974815741181372,0.01851560262963176
14,0.20822427555918693,0.18969835877418517,0.018525917436927556
15,0.20818829596042632,0.18965574651956557,0.018532549999654292
16,0.20815562650561334,0.1896182554960251,0.018537370879203083
17,0.20812293663620948,0.18958059802651406,0.018542338591068984
18,0.2080939695239067,0.18954881221055986,0.0185451565682888
19,0.20806756272912025,0.1895214357972145,0.018546127602458
20,0.2080430854856968,0.18949723318219186,0.01854585260152817
21,0.20802059069275855,0.1894761872291565,0.01854440350085497
22,0.20799971252679825,0.18945799633860588,0.0185417169239372
23,0.20798005029559136,0.18944252893328667,0.018537521287798883
24,0.20796094328165055,0.18942870423197747,0.01853223874233663
25,0.20794002890586852,0.18941132441163064,0.018528704019263386
26,0.20791829466819764,0.18939098805189133,0.018527306653559207
27,0.20789974987506865,0.1893758676946163,0.018523881919682027
28,0.20788637459278106,0.18936921045184135,0.018517163582146168
29,0.2078768540918827,0.18936868131160736,0.018508172985166313
30,0.2078572028875351,0.18935311824083328,0.018504084516316653
31,0.20782601505517959,0.1893234993517399,0.018502515256404877
32,0.2077982784807682,0.18929970413446426,0.018498574066907168
33,0.20778346911072731,0.18929662704467773,0.018486842643469573
34,0.20774565294384956,0.18926943019032477,0.018476222883909942
35,0.20784450814127922,0.1894213593006134,0.018423148710280658
36,0.20767570346593855,0.1892227804660797,0.018452922739088537
37,0.207747822701931,0.18933953180909158,0.018408290930092334
38,0.20765743911266327,0.18925562128424644,0.01840181838721037
39,0.20771466925740242,0.1893576693534851,0.018357000257819892
40,0.20768677398562432,0.18935268118977547,0.01833409344777465
41,0.207911706417799,0.18961070030927657,0.018301006238907576
42,0.20767201364040375,0.18938699513673782,0.018285018373280764
43,0.2076682209968567,0.18941872254014014,0.018249498289078472
44,0.20763500168919563,0.18942603439092637,0.018208967056125402
45,0.20775460958480835,0.18953540071845054,0.018219208549708127
46,0.20773307621479034,0.18956937819719313,0.01816369860433042
47,0.20766236886382103,0.1894911853969097,0.018171183727681638
48,0.20753024101257325,0.18936894342303276,0.01816129796206951
49,0.2079400046169758,0.18982410967350005,0.018115895371884107
50,0.20776266634464263,0.18967997744679452,0.01808268927037716
51,0.20780773758888244,0.18973492890596388,0.018072808124125005
52,0.20786543682217598,0.18978529393672944,0.018080142494291067
53,0.20764438897371293,0.18956886366009712,0.018075525183230638
54,0.20748602896928786,0.1894180193543434,0.01806800950318575
55,0.20882451117038728,0.19088719233870508,0.017937318477779626
56,0.2080191543698311,0.18979635134339332,0.01822280287742615
57,0.20742978051304817,0.18938958674669265,0.018040193766355513
58,0.2080809761583805,0.19016546577215196,0.01791551062837243
59,0.20767210587859153,0.18958151653409006,0.01809058839455247
60,0.20720577567815782,0.18926019951701165,0.017945576328784227
61,0.20775562316179275,0.18979237347841263,0.017963249515742064
62,0.20833051487803458,0.19005534514784814,0.018275169767439366
63,0.20798249289393425,0.18995340630412103,0.018029086664319037
64,0.207389215528965,0.1894333592057228,0.017955855857580902
65,0.208269282579422,0.19022456660866738,0.01804471602663398
66,0.20715782836079596,0.18923610121011733,0.017921726927161218
67,0.207673761844635,0.18974797815084457,0.017925783665850757
68,0.20917919620871545,0.1911412511765957,0.018037944752722978
69,0.20751736000180243,0.18938168600201608,0.018135675061494112
70,0.21015607997775076,0.191994958370924,0.01816112136468291
71,0.20716186761856079,0.18862419754266738,0.018537670355290175
72,0.20932663708925248,0.19122405394911765,0.018102582655847074
73,0.20772233590483666,0.18911273241043092,0.01860960392281413
74,0.20711353912949562,0.18870565220713614,0.018407887145876885
75,0.21149103909730912,0.19380301266908645,0.017688026167452336
76,0.20931336671113968,0.19138437032699585,0.0179289966635406
77,0.20743329733610152,0.18893808454275132,0.018495212886482478
78,0.2096218781173229,0.1911491422355175,0.01847273612394929
79,0.20736127004027366,0.1886284600198269,0.01873281029984355
80,0.20798539847135544,0.18958000749349593,0.01840539079159498
81,0.20861065804958343,0.19029090493917467,0.018319753659889103
82,0.2073928953707218,0.18864178255200387,0.018751113135367634
83,0.20826036170125006,0.18995299816131592,0.018307363092899324
84,0.2078484447300434,0.18930913820862771,0.01853930676355958
85,0.2075589554011822,0.18921360597014428,0.018345349710434677
86,0.20770020753145219,0.18958343356847762,0.018116774018853903
87,0.21119554862380027,0.19356908023357391,0.017626467673107982
88,0.20893268063664436,0.19089187771081925,0.01804080305621028
89,0.20758228197693826,0.1890904712677002,0.018491810392588376
90,0.20746828004717827,0.1890474323928356,0.01842084765434265
91,0.20762523710727693,0.1892448242008686,0.018380413204431532
92,0.2076561139523983,0.18927798986434938,0.018378125056624412
93,0.20778756499290466,0.18949200212955475,0.01829556280747056
94,0.20729945868253707,0.18885583341121673,0.018443624563515185
95,0.20771836027503013,0.18939263865351677,0.018325722329318523
96,0.2071012705564499,0.18883923605084418,0.01826203417032957
97,0.20755624398589134,0.18943867906928064,0.018117564637213944
98,0.20701682403683663,0.18892065584659576,0.01809616820886731
99,0.20861399784684181,0.19039823934435846,0.018215758446604013
100,0.20725032716989517,0.18898573726415635,0.01826459001749754
101,0.20780827060341836,0.1897330638766289,0.0180752070248127
102,0.20841172486543655,0.19042085051536561,0.01799087510444224
103,0.2078872638940811,0.18944981083273887,0.018437453266233205
104,0.20751714035868646,0.18958289295434952,0.017934248000383377
105,0.20740070432424546,0.18954818770289422,0.017852517534047364
106,0.20754551529884338,0.18970318257808685,0.01784233210608363
107,0.20726722314953805,0.1894123610854149,0.017854861803352832
108,0.21346445202827455,0.19637756630778314,0.017086885403841734
109,0.20793617725372315,0.1892114682495594,0.018724708128720523
110,0.20775729104876517,0.18896407917141914,0.018793211691081523
111,0.20766888424754143,0.18885805130004882,0.018810832779854535
112,0.20760025456547737,0.18878450378775596,0.018815751280635597
113,0.20754148483276366,0.1887291207909584,0.01881236396729946
114,0.2074860614538193,0.1886852851510048,0.018800776954740285
115,0.20742350354790687,0.18863833144307138,0.018785172309726476
116,0.207349461466074,0.18859662100672722,0.01875284068286419
117,0.2072311332821846,0.18856919914484024,0.018661933448165656
118,0.2074744012951851,0.18913198232650758,0.018342419359833002
119,0.2076203915476799,0.18932333141565322,0.01829706059768796
120,0.20771719858050347,0.1894204807281494,0.01829671736806631
121,0.20707387253642082,0.1885958606004715,0.018478012140840293
122,0.20792539894580842,0.1897147823870182,0.018210617601871492
123,0.20732845291495322,0.18922149360179902,0.01810695926658809
124,0.2083826456964016,0.1903607365489006,0.018021909175440668
125,0.2071932889521122,0.18873711436986923,0.01845617428421974
126,0.2077436588704586,0.18998076990246773,0.017762889377772807
127,0.20734462574124335,0.18908196806907654,0.01826265748590231
128,0.20753158554434775,0.18967783138155936,0.017853754572570324
129,0.20973158806562422,0.19219588309526445,0.017535705287009477
130,0.2098040096461773,0.19195022702217102,0.017853782903403045
131,0.20774335026741028,0.18902938053011895,0.018713969998061658
132,0.2074905313551426,0.18872452288866043,0.018766007628291847
133,0.20717547357082366,0.1885763858258724,0.01859908822923899
134,0.2074577456712723,0.18913614362478257,0.01832160199061036
135,0.20714429408311844,0.18881640821695328,0.018327885940670967
136,0.20725788712501525,0.18894202411174774,0.01831586305052042
137,0.20745493620634078,0.18933799341320992,0.018116942532360555
138,0.20737072661519051,0.18900640144944192,0.018364324532449246
139,0.2072018153965473,0.18911479964852332,0.018087015468627215
140,0.2076544164121151,0.18962577119469642,0.01802864469587803
141,0.20785188272595406,0.18974324882030488,0.018108634129166603
142,0.20716864496469498,0.1891772148013115,0.017991430964320897
143,0.20738737195730209,0.1895782558619976,0.017809115555137395
144,0.20719052508473396,0.18933637127280234,0.017854154100641607
145,0.2077719835937023,0.19017958775162697,0.01759239682927728
146,0.20972443357110024,0.1919023187458515,0.01782211473211646
147,0.209339752048254,0.19150938630104064,0.017830365719273687
148,0.20772082701325417,0.18889725103974342,0.018823576085269453
149,0.20742063343524933,0.18859297573566436,0.018827658612281084
150,0.2070574429631233,0.18831215500831605,0.01874528717249632
151,0.20695136979222298,0.18887821823358536,0.018073151558637618
152,0.21154730632901192,0.1941503468155861,0.017396959299221634
153,0.20763861268758774,0.18888739332556725,0.018751219268888234
154,0.20741615816950798,0.18863720029592515,0.018778958320617677
155,0.20724082842469216,0.1885438059270382,0.018697022888809443
156,0.20710296422243119,0.18858773708343507,0.018515227567404507
157,0.20748080238699912,0.18911042422056198,0.018370378073304893
158,0.20703029304742812,0.1886008483171463,0.018429445065557958
159,0.20701601296663286,0.1887528558075428,0.01826315701007843
160,0.2082033322751522,0.1901956170797348,0.018007715083658695
161,0.2069678296148777,0.18831230625510215,0.018655522912740707
162,0.20788967117667198,0.1898899881541729,0.017999682761728763
163,0.20790549635887146,0.18997350066900254,0.01793199548497796
164,0.20796703577041625,0.18996091544628144,0.018006120007485152
165,0.20934340178966523,0.19148489013314246,0.01785851227119565
166,0.20786735996603967,0.1897784312069416,0.01808892846107483
167,0.20745787873864174,0.1897628353536129,0.01769504353404045
168,0.20926143914461137,0.1914034952223301,0.017857943596318364
169,0.20712097734212875,0.18880132526159288,0.018319652993232013
170,0.20730170086026192,0.18938475370407104,0.017916947612538935
171,0.2102516533434391,0.19260306000709534,0.01764859277755022
172,0.2080459775030613,0.1894386725127697,0.01860730528831482
173,0.20743804007768632,0.18861546993255615,0.018822570331394672
174,0.20720230534672737,0.1883808496594429,0.018821455873548984
175,0.2064440865814686,0.18792929127812386,0.018514794390648605
176,0.21596952512860298,0.19943719252943992,0.016532333008944987
177,0.2079993188381195,0.18964910730719567,0.018350211326032876
178,0.20745057865977287,0.18893882915377616,0.018511749282479287
179,0.20741705298423768,0.1890539513528347,0.018363100942224264
180,0.20833987161517142,0.19023386538028716,0.018106006532907486
181,0.20768296748399734,0.18891487807035445,0.018768089190125466
182,0.20742209360003472,0.18862943589687348,0.018792657908052207
183,0.20786010593175888,0.1894560246169567,0.01840408129617572
184,0.20692172333598136,0.18860676497220993,0.018314958345144988
185,0.20743289858102798,0.1892318172752857,0.018201081696897745
186,0.20948957100510598,0.19114608570933342,0.018343484681099653
187,0.2073621518909931,0.18859278678894043,0.018769365455955266
188,0.20698297500610352,0.18851507633924483,0.01846789853647351
189,0.20965364933013916,0.19138856381177902,0.018265084875747562
190,0.20736709207296372,0.18865726932883262,0.01870982311666012
191,0.2071557043492794,0.1884855231642723,0.01867018101736903
192,0.20704563543200494,0.18882666304707527,0.0182189722917974
193,0.2080387407541275,0.19018664076924324,0.01785210073925555
194,0.20707035899162293,0.18854653880000113,0.018523820266127585
195,0.20732452601194382,0.18935787931084633,0.017966647073626517
196,0.20703365042805671,0.1891414152085781,0.017892235405743123
197,0.2078721235692501,0.1899014011025429,0.01797072259709239
198,0.2066463141143322,0.18903186812996864,0.01761444626376033
199,0.20802422165870665,0.19014651522040368,0.017877705935388802
200,0.20848303362727166,0.1909702780842781,0.017512755794450642
201,0.2067308732867241,0.1883916100859642,0.018339263144880533
202,0.2072127267718315,0.18927127838134766,0.017941448809579014
203,0.2088563284277916,0.19115013808012007,0.017706189882010222
204,0.20843134552240372,0.1904013355076313,0.018030009595677257
205,0.21288590997457504,0.1955698025226593,0.017316107554361224
206,0.20757176831364632,0.18885352581739426,0.018718243464827537
207,0.2070818318426609,0.1883706583082676,0.018711172603070737
208,0.20704752191901207,0.18866812348365783,0.01837939813733101
209,0.2082967184484005,0.1900077086687088,0.018289009854197503
210,0.20706665948033331,0.18835531368851663,0.018711346313357354
211,0.209559445977211,0.19171145379543306,0.01784799177199602
212,0.20760464400053025,0.1888096122443676,0.018795031197369097
213,0.2074185435473919,0.18856728374958037,0.018851260785013438
214,0.20725979626178742,0.18841701075434686,0.018842786271125078
215,0.20701060995459555,0.18823589786887168,0.01877471186220646
216,0.207278932929039,0.18898431792855264,0.018294614292681217
217,0.20696440175175668,0.18866320192813874,0.01830119976773858
218,0.20760861068964004,0.18930069535970687,0.018307914864271878
219,0.2071098293364048,0.18905997171998024,0.01804985770955682
220,0.2065979504585266,0.18857472658157348,0.018023224882781505
221,0.20700469225645066,0.18918242409825325,0.017822268409654497
222,0.20744213685393334,0.18975369349122048,0.017688443129882218
223,0.20751014098525047,0.18977793127298356,0.017732209395617246
224,0.20700914099812506,0.18888973951339721,0.018119401950389146
225,0.2129618901014328,0.19605130717158317,0.01691058342345059
226,0.20808464631438256,0.18989764988422395,0.018186996150761844
227,0.20751328751444817,0.1891522800922394,0.018361007515341043
228,0.20834262564778327,0.19011721640825271,0.0182254084572196
229,0.20714517533779145,0.1885608936846256,0.01858428170904517
230,0.20815934136509895,0.18975668653845787,0.018402654696255922
231,0.20839015856385232,0.18998858481645584,0.018401574064046144
232,0.20825517296791077,0.19004128813743593,0.01821388503536582
233,0.20723137900233268,0.18898244097828865,0.018248938266187908
234,0.20941422536969184,0.1915692010521889,0.01784502441063523
235,0.20768263399600984,0.18890359207987786,0.018779042176902294
236,0.2074812299013138,0.18867794528603554,0.01880328455939889
237,0.20732980400323867,0.18855680420994758,0.0187729998677969
238,0.20711625948548318,0.18842422127723693,0.01869203757494688
239,0.20773893520236014,0.18918686792254447,0.018552067149430515
240,0.2078060905635357,0.18958792567253113,0.018218165524303914
241,0.206854627430439,0.18821953251957893,0.018635094240307806
242,0.2067862084507942,0.18871524080634117,0.018070968510583044
243,0.20871020764112472,0.1911819575726986,0.017528250589966776
244,0.20712186694145202,0.18857107773423196,0.018550788443535568
245,0.20660419687628745,0.1882523837685585,0.01835181303322315
246,0.20760312601923941,0.18957772508263587,0.018025401066988706
247,0.20760229706764222,0.18984042823314667,0.017761868285015227
248,0.20675997331738472,0.18895424604415895,0.01780572758987546
249,0.21289097651839256,0.1955990032851696,0.017291974714025854
250,0.21307438880205154,0.19662772446870805,0.016446664230898023
251,0.20846689134836197,0.19024299189448357,0.018223899118602276
252,0.2078714896738529,0.18935595333576202,0.01851553697139025
253,0.2075434809923172,0.18897587567567825,0.018567605521529914
254,0.2073110580444336,0.18888811960816385,0.01842293905094266
255,0.20756840482354164,0.18934656381607057,0.018221840728074312
256,0.20705246761441232,0.1887362290918827,0.01831623861566186
257,0.20797937914729117,0.18978665858507157,0.018192721102386712
258,0.2068729929625988,0.1884506317973137,0.018422360923141243
259,0.20842752277851104,0.1903195358812809,0.01810798699967563
260,0.2080617344379425,0.18955321848392487,0.01850851571187377
261,0.2072393414378166,0.1884616231918335,0.01877771833911538
262,0.20680392995476723,0.18827753111720086,0.01852639900520444
263,0.20786428719758987,0.18961461186408995,0.018249675706028937
264,0.2072343672811985,0.18893862888216972,0.018295738268643617
265,0.2100435057282448,0.19247418537735939,0.01756932015530765
266,0.20761064246296881,0.18891457855701446,0.018696064502000807
267,0.2074381925165653,0.18863854199647903,0.018799650222063063
268,0.20734089702367783,0.18852510511875153,0.018815791457891463
269,0.20724985614418984,0.1884341098368168,0.018815746027976275
270,0.2071860161423683,0.18839346304535864,0.018792552947998045
271,0.20710802480578422,0.18836210682988166,0.018745917920023204
272,0.20703161060810088,0.1884212501347065,0.01861036067828536
273,0.20692318961024284,0.188578959107399,0.018344230111688377
274,0.20675972133874893,0.1886103081703186,0.018149412535130978
275,0.206723885089159,0.18867366150021553,0.018050223663449286
276,0.20734143853187562,0.1893508668243885,0.017990571884438394
277,0.2065562179684639,0.18858529657125472,0.017970921155065298
278,0.20887986332178116,0.1906638729572296,0.01821599028073251
279,0.20745168015360832,0.18896503895521163,0.0184866414219141
280,0.20781278267502784,0.1899809457361698,0.01783183729276061
281,0.20760695323348044,0.1892539866268635,0.01835296716541052
282,0.2071041464805603,0.18878937423229217,0.018314771819859743
283,0.20834746971726417,0.18999229699373246,0.01835517358034849
284,0.20746573939919472,0.18922702386975288,0.0182387151196599
285,0.20844934329390527,0.19020506352186203,0.018244280479848385
286,0.20844364479184152,0.190263759046793,0.01817988572642207
287,0.20715053960680962,0.1883816221356392,0.018768917433917523
288,0.2070893007516861,0.1885736520588398,0.01851564899086952
289,0.2076860249042511,0.18913865566253663,0.01854736908338964
290,0.2069429089128971,0.1884765511751175,0.018466358054429293
291,0.2072383552789688,0.18877962201833726,0.01845873339101672
292,0.20660381376743317,0.18847787082195283,0.018125942461192607
293,0.2076479099690914,0.1897105771303177,0.017937333136796952
294,0.20791392028331757,0.1901362906396389,0.017777630202472208
295,0.20853122428059578,0.19052275598049165,0.018008468337357045
296,0.2069214951992035,0.18820565804839134,0.01871583763509989
297,0.20713718563318254,0.18902397006750107,0.01811321694403887
298,0.20750976204872132,0.1894347310066223,0.018075030725449324
299,0.20613718256354333,0.18797178998589514,0.01816539227962494
300,0.2115890185534954,0.19375877425074578,0.017830244097858668
301,0.21032416090369224,0.19275439485907556,0.017569766538217665
302,0.20714448615908623,0.18908970236778258,0.018054783940315247
303,0.20745185062289237,0.18940574198961257,0.018046108651906253
304,0.20701310485601426,0.18870502650737764,0.01830807765945792
305,0.206861784607172,0.18877704471349716,0.018084740228950978
306,0.20677768796682358,0.18874066203832626,0.018037025621160864
307,0.20730999737977981,0.18919528231024743,0.01811471503227949
308,0.2078267115354538,0.18946397572755813,0.018362736534327267
309,0.2073221528530121,0.18890824288129807,0.018413910437375308
310,0.20751521483063698,0.18903531685471534,0.018479898292571306
311,0.2063624568283558,0.18807997584342956,0.01828248117119074
312,0.21007506415247917,0.19264777436852454,0.017427290827035903
313,0.20795097947120667,0.18962307676672935,0.018327902667224408
314,0.20751042872667314,0.18873197197914124,0.0187784574739635
315,0.2074115128815174,0.18857867062091827,0.01883284334093332
316,0.20734840154647827,0.18849150866270065,0.0188568926230073
317,0.207294310182333,0.18842213913798334,0.018872170113027095
318,0.20724420577287675,0.18836183786392213,0.018882368076592684
319,0.207193843126297,0.1883051010966301,0.01888874266296625
320,0.20714257016777993,0.18825308561325074,0.018889484535902737
321,0.20707575589418412,0.18819225206971169,0.01888350421562791
322,0.2069839446246624,0.18812233507633208,0.01886160986497998
323,0.20683035627007484,0.18805763885378837,0.018772717379033566
324,0.20663151532411575,0.18807421773672103,0.018557297959923745
325,0.206669599711895,0.18829576924443245,0.018373831007629633
326,0.20754751101136207,0.18917457595467568,0.018372934572398664
327,0.2065878313779831,0.18838950634002685,0.01819832405075431
328,0.2063256634771824,0.18837141171097754,0.017954251524060966
329,0.20683813646435736,0.18905137494206428,0.01778676189482212
330,0.2060704281926155,0.18802092254161834,0.018049505790695548
331,0.20663777738809586,0.18887701615691185,0.017760760812088848
332,0.20634748801589012,0.1887540452182293,0.01759344230405986
333,0.20718344375491143,0.18940918311476707,0.017774260975420474
334,0.20747729063034057,0.18946294665336608,0.01801434388384223
335,0.2062487608194351,0.1883830650150776,0.017865696074441075
336,0.20768289968371392,0.190232817530632,0.017450081687420606
337,0.20983970910310745,0.19221245035529136,0.017627259697765112
338,0.2110283975303173,0.19375060707330705,0.01727779023349285
339,0.2079482114315033,0.18929339677095414,0.01865481423214078
340,0.20763226136565208,0.18877155005931853,0.018860711455345153
341,0.207496447712183,0.1885717938840389,0.018924654200673102
342,0.20741189762949944,0.18845543161034584,0.018956465478986502
343,0.20734927132725717,0.18837544128298758,0.018973830416798593
344,0.20729742407798768,0.18831370770931244,0.018983716163784265
345,0.2072507455945015,0.188261501789093,0.018989243153482674
346,0.20720543548464776,0.18821365192532538,0.01899178348481655
347,0.20715868562459946,0.18816669628024102,0.018991989474743606
348,0.20711084455251694,0.18812144100666045,0.018989403396844864
349,0.2070638854801655,0.18808375418186188,0.018980132285505533
350,0.20700488477945328,0.18804279699921608,0.01896208755671978
351,0.2069249254465103,0.1879911406338215,0.01893378434702754
352,0.20679312258958815,0.18793529897928238,0.01885782290250063
353,0.2069466891884804,0.18833306193351745,0.018613627310842276
354,0.20744491130113601,0.18904967606067657,0.018395235203206538
355,0.2067323939502239,0.18835773795843125,0.018374655824154616
356,0.2067708157002926,0.18833132609724998,0.01843948943540454
357,0.20659369677305223,0.18835505560040475,0.018238641899079085
358,0.20691471561789512,0.1890110804140568,0.017903634905815126
359,0.20785500466823578,0.1897384777665138,0.01811652638018131
360,0.2058074641227722,0.18793050795793534,0.01787695636972785
361,0.20619455844163895,0.18853550434112548,0.01765905424952507
362,0.21004565447568893,0.1923438049852848,0.01770184949040413
363,0.20896219253540038,0.19125623345375062,0.01770595945417881
364,0.20692935302853585,0.188729417771101,0.01819993559271097
365,0.20675765722990036,0.18853430926799775,0.018223347831517456
366,0.20676554203033448,0.18852823093533516,0.018237310852855446
367,0.20690970569849015,0.18868682622909547,0.018222878910601138
368,0.20743406549096108,0.18907906219363213,0.018355003260076046
369,0.20725949123501777,0.18864283859729766,0.018616652209311725
370,0.2070823433995247,0.1887216965854168,0.0183606475032866
371,0.20704848185181618,0.18837663903832436,0.01867184279486537
372,0.20620568230748176,0.18795073971152307,0.01825494199991226
373,0.20787857100367546,0.1897875513136387,0.01809102000668645
374,0.20662564039230347,0.1878431124985218,0.018782527968287468
375,0.20623039498925208,0.18807219579815865,0.01815819852054119
376,0.20834995552897453,0.19023901268839835,0.018110942300409077
377,0.20908969044685363,0.19110859096050262,0.01798109938390553
378,0.2074032337963581,0.18859309569001198,0.018810138460248708
379,0.20723379150032997,0.1883283594250679,0.01890543170273304
380,0.20714015528559684,0.18820490553975106,0.018935249540954827
381,0.20706188380718232,0.18811403304338456,0.018947850558906795
382,0.20697663038969039,0.18802412778139113,0.018952502720057964
383,0.20687928855419158,0.18793343782424926,0.0189458510838449
384,0.20678426936268807,0.1878834818303585,0.018900787960737943
385,0.20674075976014136,0.18797874063253403,0.018762019127607346
386,0.20671748086810113,0.18813778787851335,0.018579692766070365
387,0.20718590095639228,0.18863326624035837,0.018552634697407484
388,0.20741383507847785,0.18902009084820748,0.01839374430477619
389,0.20931002989411354,0.19143058016896247,0.01787944946438074
390,0.2072310157120228,0.18853932842612267,0.01869168696925044
391,0.20690049663186072,0.18794173136353493,0.01895876569673419
392,0.20670635730028153,0.18777853906154632,0.018927818238735197
393,0.20699852734804153,0.18834739729762076,0.01865113092586398
394,0.20673721343278884,0.1881209482252598,0.01861626509577036
395,0.2058701930940151,0.1877839197218418,0.01808627400547266
396,0.20893071398139,0.19124966725707054,0.017681046947836877
397,0.207718396037817,0.18980276301503182,0.0179156325571239
398,0.20819005206227303,0.18995471626520158,0.0182353344745934
399,0.20831402108073235,0.189962238073349,0.01835178365930915
400,0.20682849496603012,0.1878770913183689,0.0189514041505754
401,0.20626025304198264,0.18753963142633437,0.018720621578395366
402,0.20758437901735305,0.18932008519768714,0.01826429322361946
403,0.20561672627925873,0.18743907511234284,0.018177651278674604
404,0.207388726323843,0.18977340325713157,0.01761532320640981
405,0.2069663043320179,0.18875982508063316,0.018206478990614415
406,0.20669463485479356,0.18831142023205757,0.01838321454823017
407,0.20535832405090332,0.18760600209236145,0.017752322629094125
408,0.20728141084313392,0.18939408242702485,0.01788732787594199
409,0.20505823090672493,0.18754628628492356,0.017511944798752666
410,0.20779351338744165,0.19035334259271622,0.01744017120450735
411,0.21053307980298996,0.19332791671156882,0.017205163538455963
412,0.20727110892534256,0.1886081175506115,0.018662991877645255
413,0.20677724465727806,0.1879318092763424,0.01884543627500534
414,0.20622443795204162,0.18756528779864312,0.018659150265157222
415,0.20640899866819382,0.1880890814960003,0.018319917656481267
416,0.20609573051333427,0.1878785952925682,0.018217135593295096
417,0.207953529804945,0.1894920201599598,0.01846150953322649
418,0.20777402877807616,0.18955473110079765,0.018219297099858523
419,0.20776272997260092,0.18917372837662697,0.018589002005755903
420,0.20655775129795073,0.18759393200278282,0.018963819667696953
421,0.2052647864818573,0.1870604431629181,0.018204343672841787
422,0.20573213666677476,0.18782690778374672,0.017905228324234485
423,0.20591150522232055,0.18815649360418318,0.01775501161813736
424,0.20580343022942543,0.18832195654511452,0.0174814738240093
425,0.2052626395225525,0.18781712174415588,0.01744551820680499
426,0.2070080129802227,0.18943550407886506,0.01757250945083797
427,0.20531482562422754,0.1874068270623684,0.017907999027520417
428,0.205370487421751,0.18755996823310853,0.017810518955811858
429,0.20392875671386718,0.18683466657996178,0.017094090282917022
430,0.20465126484632493,0.18776459187269212,0.016886673476547
431,0.20540707677602768,0.18784676611423493,0.017560309981927275
432,0.21014626517891885,0.1928249840438366,0.017321281302720308
433,0.2065865795314312,0.1880317187309265,0.018554860334843395
434,0.20539281904697418,0.18703395277261733,0.018358865827322005
435,0.2056350415945053,0.18764270052313806,0.01799234129488468
436,0.21081884637475012,0.19287365734577178,0.017945188814774155
437,0.20603744447231293,0.1875662536919117,0.018471191246062516
438,0.20473141834139824,0.1869495117664337,0.017781906481832265
439,0.206677315980196,0.18896474272012712,0.017712572822347283
440,0.20491397231817246,0.18765406861901282,0.017259902991354464
441,0.20356390058994292,0.18678827375173568,0.0167756266053766
442,0.20300401374697685,0.18639712408185005,0.01660688948817551
443,0.20385844454169275,0.18717721223831177,0.016681232331320642
444,0.20296348974108697,0.18641629323363304,0.01654719578102231
445,0.20542389035224914,0.18820557177066802,0.01721831748262048
446,0.20248031809926034,0.1859453421831131,0.01653497572056949
447,0.20286355599761008,0.18640927344560623,0.016454281974583863
448,0.20262101858854295,0.18633757993578912,0.01628343865275383
449,0.20233741536736488,0.1862660427391529,0.016071372516453266
450,0.20200708761811256,0.1858822837471962,0.016124803004786373
451,0.20389108806848527,0.1875443384051323,0.016346749775111677
452,0.20110219106078148,0.18514794155955314,0.015954250413924457
453,0.2033794839680195,0.1871755129098892,0.01620397100225091
454,0.20177292332053184,0.1857878914475441,0.01598503129556775
455,0.20114100277423858,0.1852475157380104,0.015893487120047213
456,0.20665323704481126,0.1894160571694374,0.01723717981018126
457,0.2009932892024517,0.18495095774531364,0.01604233117774129
458,0.20315463468432426,0.18704607367515563,0.0161085613258183
459,0.20190711975097655,0.18598099604249,0.015926122777163983
460,0.20080321982502938,0.18498610451817513,0.01581711573526263
461,0.21097663372755052,0.19313417956233025,0.017842454593628643
462,0.20439423337578774,0.1864655189216137,0.01792871447280049
463,0.2049536208808422,0.1874528831243515,0.017500737151131034
464,0.20282742455601693,0.18587697088718413,0.016950453761965037
465,0.20117194592952728,0.18508408337831497,0.01608786214143038
466,0.20335346966981888,0.1871219703555107,0.016231500031426548
467,0.2005698248744011,0.18471487283706664,0.015854951404035093
468,0.2020300382375717,0.1861351527273655,0.015894885715097187
469,0.2020734378695488,0.18621403783559798,0.015859399316832425
470,0.20053348258137704,0.18484146982431413,0.015692012496292592
471,0.20277169451117516,0.1867191906273365,0.0160525035392493
472,0.20040401309728623,0.18476625695824622,0.015637756027281284
473,0.20214807361364365,0.1864248389005661,0.01572323531843722
474,0.2010779143869877,0.18540602460503577,0.015671890238299967
475,0.20053236976265906,0.18491777911782264,0.015614591045305133
476,0.20077750742435455,0.18526744693517685,0.01551006019115448
477,0.20178041934967042,0.18617386490106583,0.015606556041166186
478,0.20392408534884454,0.1875089395046234,0.016415145276114346
479,0.20011551603674888,0.18447664618492127,0.01563887018710375
480,0.20012533009052277,0.1846206760406494,0.015504653630778194
481,0.20224340945482255,0.18636262223124503,0.015880787689238788
482,0.1999695210158825,0.18448587000370026,0.015483650453388691
483,0.20330941960215568,0.18749684512615203,0.015812575398012996
484,0.20046444848179817,0.18471631959080695,0.015748129189014436
485,0.19988014474511145,0.1844134309887886,0.015466713085770608
486,0.20361761435866355,0.18745829418301582,0.0161593207065016
487,0.1999812215566635,0.1844388221204281,0.015542399492114783
488,0.20153609916567802,0.1860295395553112,0.015506559517234564
489,0.20002686873078346,0.18456940099596977,0.015457467306405306
490,0.2003338360786438,0.18494338616728784,0.015390450544655323
491,0.20202609702944754,0.1863345517218113,0.01569154592230916
492,0.20003559365868567,0.18461193785071373,0.015423655845224857
493,0.20017892524600028,0.1848200824856758,0.015358842797577382
494,0.20253762751817703,0.18668683722615242,0.015850790394470095
495,0.19988548055291175,0.18444343373179437,0.015442046178504825
496,0.20156681284308434,0.18601537689566613,0.015551435854285955
497,0.1998428435623646,0.18444841593503952,0.01539442777633667
498,0.20244843229651452,0.18672262817621232,0.01572580447420478
499,0.1997063198685646,0.1842741024494171,0.015432217046618462
500,0.2015372171998024,0.18598925083875656,0.015547966202721
501,0.19983943432569504,0.18439960166811942,0.015439832406118513
502,0.20041020601987838,0.18503779262304307,0.015372413648292423
503,0.20041254669427871,0.1850610825419426,0.015351463928818703
504,0.19992224991321564,0.18458086505532265,0.015341385239735246
505,0.2017364478111267,0.18628895983099938,0.015447487337514759
506,0.19960928231477737,0.18423125088214876,0.01537803215906024
507,0.19986174017190933,0.18456013679504393,0.015301603600382805
508,0.2021171721816063,0.18664281636476518,0.015474355388432741
509,0.20051839023828508,0.184826333373785,0.01569205611012876
510,0.1995592437684536,0.18421442449092865,0.01534481892362237
511,0.19995508968830109,0.18467119187116623,0.015283898049965501
512,0.20065572783350943,0.1853642375767231,0.01529149035923183
513,0.1996605524420738,0.1843790715932846,0.01528148171491921
514,0.20109767630696296,0.1858014814555645,0.015296194842085243
515,0.19998019754886628,0.18463472068309783,0.015345476781949401
516,0.19975109711289407,0.18445627987384797,0.015294817471876741
517,0.19992576479911806,0.18467191159725188,0.015253853667527437
518,0.20043085098266603,0.18513201534748078,0.015298835737630724
519,0.19982845738530158,0.18456418052315712,0.01526427635923028
520,0.20066264569759368,0.18534441620111466,0.015318230055272579
521,0.20297921672463418,0.18720126301050186,0.015777954142540695
522,0.19973662450909616,0.18426981136202814,0.015466813249513506
523,0.19942883044481277,0.18409350231289864,0.015335328755900263
524,0.20067828342318536,0.18533882036805152,0.015339463455602527
525,0.19950906962156295,0.18421662345528603,0.015292447051033378
526,0.19995791286230089,0.18471580743789673,0.015242105573415756
527,0.20060092076659203,0.18530851379036903,0.015292405886575579
528,0.19960178568959236,0.18432106778025628,0.015280717415735126
529,0.19996345147490502,0.18473045721650125,0.015232994752004743
530,0.20153961092233658,0.18601978287100793,0.015519828610122204
531,0.19950147435069085,0.18416323512792587,0.015338239660486579
532,0.19986900925636292,0.18459186643362047,0.015277142841368914
533,0.19981958374381065,0.18456874415278435,0.015250839684158564
534,0.20160382941365243,0.1860767437517643,0.015527085345238447
535,0.19942976608872415,0.18409526854753494,0.015334497056901455
536,0.20008767724037171,0.1847916404902935,0.015296036591753364
537,0.20039629608392714,0.1851296243071556,0.015266671925783157
538,0.19987891420722007,0.1845281445980072,0.015350769981741905
539,0.1997024132311344,0.18445066913962363,0.015251744035631419
540,0.20014923304319382,0.18487683281302453,0.015272401021793485
541,0.1999604620039463,0.1847111763060093,0.015249285865575075
542,0.19987751737236978,0.1846262037754059,0.015251313410699368
543,0.19961385637521745,0.18438298240303994,0.015230873534455895
544,0.20113345384597778,0.18575971618294715,0.015373737402260303
545,0.19935963481664656,0.18406790047883986,0.015291733648627997
546,0.199571223706007,0.18433576047420502,0.01523546333424747
547,0.20139434054493904,0.18596573308110237,0.015428607296198606
548,0.19973755165934562,0.18431673049926758,0.01542082122527063
549,0.19954605653882027,0.18427756309509277,0.015268493834882975
550,0.2018611654639244,0.18626483976840974,0.015596325071528553
551,0.19938457891345024,0.1840136955678463,0.015370884500443936
552,0.19948123052716255,0.18421013489365579,0.015271094776690006
553,0.19977123901247978,0.18452642261981964,0.015244816960766912
554,0.19969807416200638,0.18447365045547484,0.015224423632025719
555,0.20145233511924743,0.18594387039542198,0.015508464938029647
556,0.19936918795108796,0.18405717700719834,0.015312010478228331
557,0.19991947457194328,0.18467870324850083,0.015240770801901816
558,0.1997557055950165,0.1845233927667141,0.015232313219457864
559,0.19959740340709686,0.18435332104563712,0.01524408245459199
560,0.19977411791682242,0.184540805965662,0.015233311289921402
561,0.19975348472595214,0.18452557429671287,0.0152279107645154
562,0.1995833034813404,0.18436825156211853,0.015215051947161556
563,0.20055023074150086,0.1852636668086052,0.015286564817652106
564,0.19945029467344283,0.18416188180446624,0.015288413111120462
565,0.19964166700839997,0.1843926839530468,0.015248982738703488
566,0.19986137881875038,0.18461225301027298,0.01524912578985095
567,0.19981196001172066,0.18454801678657531,0.01526394309476018
568,0.19972021147608757,0.18446776375174523,0.015252447463572025
569,0.19980750650167464,0.18457704782485962,0.015230458388105035
570,0.199687662422657,0.18444641321897506,0.015241249268874525
571,0.20037758812308312,0.1850555023550987,0.015322085581719875
572,0.1994696167111397,0.184194355905056,0.015275260861963035
573,0.20426378548145294,0.18771254926919936,0.016551236063241957
574,0.19977976590394975,0.18417010381817817,0.015609661107882858
575,0.19923710376024245,0.1838747312128544,0.015362373031675815
576,0.19942635610699655,0.18415533423423766,0.01527102098800242
577,0.1996820530295372,0.1844407080113888,0.015241344459354877
578,0.19957708388566972,0.18432241067290306,0.015254672467708588
579,0.19955105662345887,0.18431627839803696,0.015234777685254813
580,0.19958899840712546,0.1843506145477295,0.015238383319228888
581,0.20088714703917504,0.18546108782291412,0.015426058834418655
582,0.19919622495770453,0.18389592736959456,0.015300296982750296
583,0.19948792278766633,0.1842372541129589,0.015250668050721288
584,0.1995380225777626,0.18429547891020776,0.015242543248459696
585,0.19960160300135613,0.18437267497181892,0.0152289277035743
586,0.19946167558431627,0.18423741981387137,0.015224255565553903
587,0.19954860508441924,0.18431926995515824,0.015229335119947791
588,0.19941240981221198,0.1841856335103512,0.015226775612682104
589,0.19961106792092323,0.18438045501708986,0.015230612391605973
590,0.19941538125276564,0.18418989166617394,0.015225489400327205
591,0.2023647528886795,0.18655059933662416,0.01581415315158665
592,0.20040394365787506,0.18447321385145188,0.015930729126557706
593,0.199189246147871,0.183826492279768,0.015362753970548511
594,0.19975234538316727,0.1844746343791485,0.015277711264789105
595,0.19940467655658722,0.1841288001835346,0.015275876317173243
596,0.19957885563373565,0.18431761145591735,0.015261244624853135
597,0.19948454022407533,0.18423604488372802,0.015248495703563094
598,0.2007098351418972,0.1853554829955101,0.01535435271449387
599,0.19949284166097642,0.18411987021565437,0.015372971212491393
600,0.1992770977318287,0.18398191794753074,0.015295179542154074
601,0.20057550132274626,0.18522266685962677,0.01535283419303596
602,0.1991773959994316,0.18385453447699546,0.015322861289605498
603,0.19972508952021598,0.18445765361189842,0.015267435256391763
604,0.1995420967042446,0.18426274240016938,0.015279353205114603
605,0.19938464164733888,0.18412028461694718,0.0152643564902246
606,0.19952464401721953,0.18424493908882142,0.01527970495633781
607,0.19952646940946578,0.1842539131641388,0.015272555965930223
608,0.1994047047197819,0.18413688525557517,0.01526782006956637
609,0.2012957401573658,0.18574852153658866,0.015547218937426806
610,0.1990710511803627,0.18371063113212585,0.015360420104116201
611,0.19920541793107988,0.18392063647508622,0.015284781018272043
612,0.19960165694355964,0.1843293008208275,0.015272356932982803
613,0.19931080132722856,0.18402646943926812,0.01528433251194656
614,0.20099103763699533,0.18557093977928163,0.015420098034664988
615,0.19924195781350135,0.1838929273188114,0.015349030196666717
616,0.19907007470726967,0.1837654408812523,0.01530463546514511
617,0.19971413910388947,0.1844315506517887,0.015282588666304947
618,0.19919387832283975,0.18389589920639993,0.01529797924682498
619,0.19947103917598724,0.1841832771897316,0.015287761958315969
620,0.19928633004426957,0.18401651188731194,0.015269818240776658
621,0.20083692371845246,0.18545561268925667,0.015381311308592558
622,0.19901541158556937,0.18366946578025817,0.01534594552591443
623,0.19916384428739548,0.1838739560544491,0.015289887655526399
624,0.19961951300501823,0.1843349289894104,0.015284583875909448
625,0.20032354161143304,0.1849669896066189,0.015356551678851247
626,0.19919418796896934,0.18383130311965942,0.01536288546398282
627,0.1990470463037491,0.1837382797896862,0.01530876592732966
628,0.1992620223760605,0.18398285984992982,0.015279162684455514
629,0.19925293400883676,0.18398832589387892,0.015264608412981034
630,0.19925152599811555,0.18397268995642663,0.015278836060315371
631,0.19930767342448236,0.1840198156237602,0.015287858443334698
632,0.19929786533117294,0.1840164126455784,0.015281453123316168
633,0.1993140159547329,0.18403745591640472,0.015276559740304946
634,0.2005774500966072,0.1851741199195385,0.01540332967415452
635,0.19927198871970175,0.18383654460310936,0.015435444079339505
636,0.19912631273269654,0.18379915311932563,0.015327159520238639
637,0.19922928333282472,0.1839277133345604,0.01530156978406012
638,0.20071666330099106,0.18528705954551697,0.015429603746160864
639,0.19903502225875855,0.18363624140620233,0.015398781523108482
640,0.19897566080093385,0.18365086615085602,0.015324794603511691
641,0.19925404354929924,0.18395892649888992,0.015295116873458027
642,0.19919354528188704,0.18390772432088853,0.0152858208399266
643,0.19924634128808974,0.18394585758447646,0.015300483647733927
644,0.19922012940049172,0.18392740294337273,0.015292726382613182
645,0.19918950244784356,0.18390716671943663,0.015282335989177227
646,0.19932478427886963,0.18401239007711412,0.015312394443899393
647,0.19920265063643455,0.18390441074967384,0.015298240501433611
648,0.19924633890390397,0.1839562837779522,0.01529005542397499
649,0.19918369844555855,0.1838687188923359,0.015314978873357176
650,0.19915420770645142,0.18384949788451194,0.0153047099057585
651,0.1992295975983143,0.18393657863140106,0.015293018901720643
652,0.19923228800296783,0.18392820805311202,0.015304079409688712
653,0.19924427047371865,0.18394313484430314,0.015301135051995516
654,0.19908385038375853,0.183770759254694,0.015313090700656175
655,0.19930656269192695,0.18400202617049216,0.01530453666113317
656,0.19912854328751564,0.18382740527391433,0.015301137762144208
657,0.1991085271537304,0.18381307542324066,0.015295452428981662
658,0.19927627488970756,0.18396564722061157,0.01531062752008438
659,0.19920012667775155,0.18387944281101226,0.015320683997124433
660,0.19928490072488786,0.18396341368556024,0.015321486908942462
661,0.19910868734121323,0.1837882873415947,0.015320399822667242
662,0.19907949849963189,0.18377722442150116,0.015302274683490396
663,0.1992438842356205,0.18392610520124436,0.01531777946278453
664,0.19912878349423407,0.18381526276469232,0.015313520980998873
665,0.19909936428070069,0.1837918408215046,0.015307524083182216
666,0.19914934799075126,0.1838194677233696,0.015329880425706505
667,0.1991436043381691,0.18382199361920357,0.015321610886603594
668,0.1991381298005581,0.18382616758346557,0.015311962869018316
669,0.19922035306692124,0.1839059840142727,0.015314369462430477
670,0.19909372463822364,0.18377308070659637,0.015320644322782755
671,0.19917437314987183,0.18384625747799874,0.015328115550801158
672,0.19914602547883986,0.18380338385701178,0.01534264164045453
673,0.20892711833119393,0.19094321474432946,0.017983903493732214
674,0.20413311764597894,0.18584576576948167,0.01828735154122114
675,0.2021118074655533,0.18478214278817176,0.017329664742574094
676,0.20092378959059715,0.1844402278959751,0.016483561620116233
677,0.20031181782484053,0.18429230347275735,0.016019514501094817
678,0.20048031970858574,0.18464694112539293,0.01583337878808379
679,0.20027651876211167,0.18455513566732407,0.01572138282470405
680,0.19926342919468878,0.18367591246962547,0.015587516743689776
681,0.20033108189702034,0.1847083066403866,0.015622775442898274
682,0.1994639380276203,0.18393929705023765,0.015524640986695886
683,0.19888100475072862,0.18340444564819336,0.01547655913978815
684,0.19887725338339807,0.18344359904527663,0.015433654077351094
685,0.1989559270441532,0.18355722829699517,0.01539869925007224
686,0.20051743254065513,0.1850086721777916,0.015508760418742894
687,0.1992998544871807,0.18374840512871743,0.015551449321210385
688,0.19879358440637587,0.1833660140633583,0.015427570166066289
689,0.1989746658504009,0.18358151361346245,0.015393152311444282
690,0.20084239512681962,0.1851998895406723,0.01564250566996634
691,0.19897554948925972,0.18346846848726273,0.015507080331444741
692,0.19880074322223662,0.18337672114372253,0.015424022134393454
693,0.19902095571160316,0.18362199872732163,0.015398957114666701
694,0.1990109872817993,0.18364227175712586,0.0153687156829983
695,0.19900821268558502,0.18363894373178483,0.015369269624352455
696,0.19901105105876923,0.18363491997122763,0.015376130761578679
697,0.1990419238805771,0.1836617960035801,0.015380128510296345
698,0.19901904374361037,0.183654073625803,0.01536497008986771
699,0.1989574186503887,0.18358035683631896,0.015377060994505882
700,0.19902673304080964,0.1836598916351795,0.015366841815412044
701,0.19896464973688124,0.18359274953603744,0.015371900154277682
702,0.19902901902794837,0.18365992560982705,0.015369093855842947
703,0.19895009130239485,0.18358354777097702,0.015366543494164943
704,0.19897549629211425,0.18361694484949112,0.01535855134949088
705,0.1989531148970127,0.18359063774347306,0.015362476538866758
706,0.19895036965608598,0.18358285754919051,0.015367511650547385
707,0.19896096169948577,0.18359926953911782,0.01536169284954667
708,0.19892450660467148,0.18355655238032342,0.015367954624816776
709,0.1989476953446865,0.18358205020427704,0.01536564544774592
710,0.19902293443679808,0.18364003479480742,0.01538289955817163
711,0.1989591720700264,0.1835840404033661,0.015375131648033858
712,0.19888776764273644,0.18351136192679404,0.015376405818387865
713,0.1989310836791992,0.1835448908805847,0.015386193189769984
714,0.1989758463203907,0.1835964109003544,0.015379435112699867
715,0.19894851103425026,0.1835808476805687,0.015367663400247693
716,0.1988997933268547,0.18350992530584334,0.015389867918565869
717,0.19886969402432442,0.18348797351121904,0.01538172016851604
718,0.19895702987909317,0.18357686832547188,0.015380161609500646
719,0.19888293117284775,0.18349192693829536,0.01539100268855691
720,0.19892699107527734,0.18354707777500154,0.015379912639036774
721,0.19884989500045777,0.18345512464642524,0.015394770670682192
722,0.19894967138767242,0.18355826526880265,0.01539140592329204
723,0.19885257184505462,0.18346415892243384,0.015388413006439805
724,0.1989121751487255,0.18351799607276917,0.015394179672002793
725,0.19889555588364602,0.18351212605834008,0.015383430290967226
726,0.19887661084532737,0.1834792885184288,0.015397322233766317
727,0.19884442672133446,0.18345471814274789,0.015389708820730447
728,0.1988703079521656,0.1834718829393387,0.015398425031453371
729,0.19888658031821252,0.18349189653992654,0.015394683871418237
730,0.1988835732638836,0.18348559036850928,0.015397982010617851
731,0.1988267995417118,0.18342194929718972,0.01540485082194209
732,0.19882525503635406,0.18342583760619163,0.015399418156594038
733,0.19882276251912118,0.1834202614426613,0.015402499930933117
734,0.19881409242749215,0.18341547936201097,0.015398613689467312
735,0.19886278614401817,0.18346593126654626,0.015396854728460313
736,0.19877345874905586,0.1833597917854786,0.015413666255772113
737,0.19887097150087357,0.18345100924372673,0.015419962760061025
738,0.19882157266139985,0.18340890988707542,0.015412662662565708
739,0.19882326662540437,0.1834089359641075,0.015414330866187811
740,0.1987903244793415,0.1833858808875084,0.015404443955048919
741,0.1987970530986786,0.18338128462433814,0.015415768679231405
742,0.1987791647017002,0.18336947575211526,0.015409688903018833
743,0.1988242045044899,0.18341343030333518,0.01541077439673245
744,0.19876018524169922,0.1833441735804081,0.015416010897606611
745,0.19877054989337922,0.18335871040821075,0.015411839764565229
746,0.1987632717192173,0.18334768444299698,0.015415587555617094
747,0.19877630308270455,0.1833579720556736,0.015418331185355783
748,0.19872312754392624,0.18329901829361916,0.015424110097810625
749,0.19877270147204398,0.18334129631519316,0.015431406125426293
750,0.19878391906619072,0.18335173562169074,0.015432182820513845
751,0.1988397642970085,0.18340447843074797,0.015435286462306977
752,0.198686952739954,0.18324893534183503,0.015438017807900906
753,0.19873964235186578,0.1833039827644825,0.015435659475624561
754,0.19879957765340805,0.18336791634559632,0.015431661820039154
755,0.19873280316591263,0.18329866006970405,0.015434143198654056
756,0.1987580706179142,0.1833130130171776,0.015445057125762105
757,0.19873908266425133,0.1833053982257843,0.015433683544397354
758,0.19871564254164695,0.1832772286236286,0.015438413256779313
759,0.1987142612040043,0.1832747043669224,0.015439557386562228
760,0.19869645312428474,0.183253842741251,0.0154426109790802
761,0.19874302953481673,0.18330249056220055,0.015440538544207811
762,0.19873736292123795,0.18328964695334435,0.01544771647080779
763,0.19867142602801324,0.18321991145610808,0.015451515391469002
764,0.198685452491045,0.18323588654398917,0.01544956635683775
765,0.19871045544743537,0.18325594067573547,0.015454514399170876
766,0.19868251398205758,0.18323160126805305,0.01545091163367033
767,0.198656767308712,0.1832031387090683,0.015453627910465001
768,0.19871526777744294,0.1832582649588585,0.015457002734765411
769,0.19864750638604164,0.18317208409309388,0.015475422544404864
770,0.19867024093866348,0.18321149975061415,0.015458740880712868
771,0.1986217577755451,0.18316707521677017,0.015454681646078825
772,0.19865333527326584,0.18318426460027695,0.015469071501865984
773,0.19869993776082992,0.183236538618803,0.015463398983702064
774,0.19864369317889213,0.1831681051850319,0.015475587481632828
775,0.198623259216547,0.18315681725740432,0.015466441866010427
776,0.19861784368753432,0.18314688846468927,0.015470955520868301
777,0.19875384658575057,0.18328451439738275,0.015469332141801715
778,0.198588770031929,0.18308994844555854,0.015498821958899497
779,0.19858119875192642,0.1831030485033989,0.015478150667622686
780,0.198577868193388,0.18310435384511947,0.015473514329642057
781,0.19863039627671242,0.18315558701753618,0.015474809519946574
782,0.19859767585992813,0.18310945615172386,0.0154882197920233
783,0.19858359128236772,0.1830942961573601,0.015489295320585371
784,0.19863260090351104,0.18314568251371383,0.015486918576061725
785,0.19856661185622215,0.18308081850409508,0.015485793938860298
786,0.19858796209096907,0.18310128182172775,0.015486679766327142
787,0.1985587914288044,0.18306131839752196,0.015497473906725645
788,0.19855945110321044,0.1830641333758831,0.015495317438617349
789,0.19860700115561486,0.18311461731791495,0.015492384051904083
790,0.19856017246842383,0.1830509401857853,0.015509232617914677
791,0.19860561892390252,0.183104747235775,0.015500871809199452
792,0.19852787882089615,0.18302410066127778,0.015503778159618377
793,0.19872390672564508,0.18321754276752472,0.015506364172324538
794,0.19839371487498283,0.18286287561058998,0.015530838677659631
795,0.19858672007918357,0.18307892307639123,0.015507797030732035
796,0.19851126089692117,0.183003708422184,0.015507552474737167
797,0.19852543458342553,0.18301403969526292,0.01551139504648745
798,0.198495362251997,0.1829892148077488,0.015506147630512715
799,0.19852317795157431,0.18300788164138793,0.01551529605872929
800,0.19851433992385864,0.1829983861744404,0.015515953423455358
801,0.1984871906042099,0.18296562761068344,0.015521562434732914
802,0.1985852351784706,0.18304978102445602,0.015535453455522657
803,0.19844208896160126,0.18291850209236146,0.015523587251082063
804,0.19849682688713075,0.1829736788570881,0.015523147583007813
805,0.19848486244678498,0.18295759215950966,0.015527270957827568
806,0.19845475554466246,0.18292685836553574,0.015527896713465453
807,0.19846640706062316,0.1829417909681797,0.01552461514249444
808,0.19845057800412177,0.18291521355509757,0.015535365203395485
809,0.19849191159009932,0.18296173021197318,0.015530180940404535
810,0.1983916886150837,0.18285031959414483,0.015541368750855327
811,0.19846573770046233,0.18292463958263397,0.015541098257526755
812,0.19846687361598014,0.18292338594794275,0.01554348829202354
813,0.19841289460659028,0.18287196829915048,0.015540926828980445
814,0.1985081972181797,0.18296363368630408,0.015544564668089152
815,0.19842599362134933,0.1828771051764488,0.015548889003694057
816,0.1983788439631462,0.1828212633728981,0.01555758036673069
817,0.19839787289500235,0.18284073054790498,0.015557141918689012
818,0.19843815833330156,0.18288468077778816,0.015553477881476284
819,0.19836220473051072,0.18280091911554336,0.015561285559087992
820,0.19847853645682334,0.1829117378592491,0.01556679854169488
821,0.19835590302944184,0.18279532924294473,0.015560573562979699
822,0.19835677221417428,0.18279983311891557,0.015556938676163555
823,0.19837586477398872,0.18281902998685837,0.015556834787130356
824,0.19840399861335756,0.18283604085445404,0.015567958811298013
825,0.19833294957876205,0.18276273146271704,0.015570218628272414
826,0.19835945174098016,0.18278432488441468,0.01557512684725225
827,0.19842924505472184,0.1828525410592556,0.015576704246923328
828,0.198282520622015,0.18269849926233292,0.0155840215831995
829,0.1984175217151642,0.18284320399165155,0.015574317518621683
830,0.198244661539793,0.1826525704562664,0.015592091390863061
831,0.19833685606718063,0.18275550216436387,0.015581353018060327
832,0.1983320927619934,0.1827480536699295,0.015584040172398091
833,0.19826199635863304,0.18267139792442322,0.015590598303824664
834,0.1983315634727478,0.1827456933259964,0.015585870193317532
835,0.19831274539232255,0.18271843016147613,0.015594316553324461
836,0.1982468470931053,0.1826513311266899,0.015595515631139279
837,0.1982617224752903,0.18266300320625306,0.015598719222471118
838,0.198277797549963,0.18267514377832414,0.01560265276581049
839,0.19827470168471337,0.18267092645168304,0.01560377494432032
840,0.19826267644762993,0.18265995845198632,0.01560271822847426
841,0.19825825959444046,0.18265135943889618,0.015606900602579117
842,0.1982040973007679,0.1825941962003708,0.015609900765120983
843,0.1981692270934582,0.18255982354283332,0.015609403811395169
844,0.19825151547789574,0.1826374663412571,0.01561404973268509
845,0.1981654769182205,0.18253884762525557,0.015626629013568163
846,0.19817371398210526,0.18255784422159194,0.0156158700119704
847,0.1982729382812977,0.18266128435730933,0.015611653849482536
848,0.19816726312041283,0.18254612565040587,0.015621137609705328
849,0.1981522898375988,0.18253063172101974,0.015621658498421311
850,0.19813299983739852,0.18250732406973838,0.01562567594461143
851,0.19818283706903458,0.182546279579401,0.015636557443067432
852,0.19819469392299652,0.18255400225520135,0.0156406915653497
853,0.1980984254181385,0.1824536719918251,0.01564475324936211
854,0.1980613423883915,0.18241899937391282,0.01564234295859933
855,0.19811069697141648,0.18246795430779458,0.015642742542549968
856,0.198137217015028,0.18248903527855873,0.01564818073064089
857,0.1980324400961399,0.1823653434216976,0.015667097307741643
858,0.19806134447455406,0.1824113105237484,0.015650032740086316
859,0.1980308039486408,0.1823623339831829,0.015668469397351146
860,0.19803367599844932,0.18236101001501084,0.015672665918245912
861,0.19800449803471565,0.18233779340982437,0.015666704680770634
862,0.19800635069608688,0.18233789905905723,0.015668452093377708
863,0.19801306515932082,0.18233920097351075,0.015673864716663957
864,0.19800838842988014,0.1823322892189026,0.01567609904333949
865,0.19794532597064973,0.18225895300507544,0.015686372583732008
866,0.19791345074772834,0.18223686411976814,0.015676586143672466
867,0.19793585896492005,0.18224893391132355,0.01568692544475198
868,0.19784459114074707,0.18215219303965569,0.015692397998645902
869,0.19798688128590583,0.18229232758283614,0.01569455330260098
870,0.19793666049838066,0.18223845466971397,0.015698206163942813
871,0.19787206813693048,0.18216121539473534,0.015710853226482868
872,0.19780803009867667,0.1820988653600216,0.015709165157750248
873,0.1977802546322346,0.18207575350999833,0.015704500935971737
874,0.1978258702158928,0.18211576849222183,0.015710101807489992
875,0.1977777361869812,0.18206820130348206,0.015709535153582692
876,0.1978338411450386,0.18211816251277924,0.01571567856706679
877,0.19774541303515433,0.1820214346051216,0.015723978439345955
878,0.1977200461924076,0.18199003726243973,0.01573000849224627
879,0.19769541203975677,0.18196345522999763,0.015731956316158174
880,0.19772340148687362,0.1819903603196144,0.015733041083440185
881,0.19764112383127214,0.18191017374396323,0.015730950152501463
882,0.1976288652420044,0.1818907615542412,0.015738103287294507
883,0.19756597638130188,0.18182092830538749,0.015745047871023418
884,0.19757419154047967,0.18182082936167718,0.0157533620018512
885,0.19757713064551352,0.18182059720158578,0.01575653290376067
886,0.19778013557195664,0.1820221222937107,0.01575801274739206
887,0.1979404303431511,0.18222044304013252,0.015719987070187926
888,0.1979113934934139,0.1821689648926258,0.015742428079247476
889,0.19827737405896187,0.18261199742555617,0.01566537659615278
890,0.19751505181193352,0.18176476016640664,0.015750292148441078
891,0.19769082129001617,0.18196608424186705,0.015724737299606203
892,0.19784203305840492,0.1820937305688858,0.015748303895816208
893,0.19737361177802085,0.18162068620324134,0.015752925453707576
894,0.19718451038002968,0.18142100676894188,0.01576350338757038
895,0.19759776800870896,0.18185111686587332,0.015746650630608202
896,0.1985469126701355,0.18293445721268653,0.015612455494701862
897,0.1982431337237358,0.18253852292895317,0.015704610981047154
898,0.1971735793352127,0.18137629926204682,0.015797279346734285
899,0.19848297342658042,0.18279833123087882,0.015684642400592565
900,0.19757950738072394,0.18179336026310922,0.01578614743426442
901,0.1967824076116085,0.1810170206427574,0.015765387220308184
902,0.19778317406773568,0.18204646229743957,0.01573671112768352
903,0.1982744239270687,0.1825183430314064,0.01575608115643263
904,0.1970579978823662,0.18126632258296013,0.01579167493619025
905,0.19717808485031127,0.18139558494091035,0.015782499983906746
906,0.19661790400743484,0.18080541744828224,0.015812486726790666
907,0.19669453471899032,0.18089569345116616,0.015798840783536435
908,0.19854632914066314,0.18291368067264557,0.015632647620514036
909,0.19833561196923255,0.18271101713180543,0.015624594818800687
910,0.1982724805176258,0.18259450569748878,0.015677975257858634
911,0.19828713953495025,0.18257342591881753,0.015713713709264995
912,0.19796528160572052,0.18212658777832985,0.015838694339618088
913,0.19778751879930495,0.18194595843553543,0.015841560298576952
914,0.1978216290473938,0.18198553547263147,0.015836094142869114
915,0.19766535684466363,0.18182311981916427,0.015842237547039985
916,0.19783850103616715,0.18211187154054642,0.01572662953287363
917,0.19735195741057396,0.18155605033040045,0.015795907517895103
918,0.1983785255253315,0.18273524090647697,0.01564328484237194
919,0.19804625183343888,0.1822922171652317,0.01575403385795653
920,0.19783445551991463,0.18207958295941354,0.015754873426631094
921,0.19794636756181716,0.18218838632106782,0.015757981445640324
922,0.1977842028439045,0.1820185299217701,0.01576567253097892
923,0.19781533762812614,0.18204352647066116,0.015771811166778206
924,0.19828467965126037,0.18261762231588363,0.01566705790348351
925,0.19799333989620208,0.18222078159451485,0.015772558469325303
926,0.19756892561912537,0.18170886114239693,0.015860064355656504
927,0.1977361436188221,0.1820019142329693,0.015734228817746044
928,0.19809636801481248,0.18237135604023932,0.015725011192262172
929,0.19817644566297532,0.18247812539339064,0.01569832045584917
930,0.1976354253292084,0.181857940107584,0.015777485640719534
931,0.19782824113965033,0.18202301159501075,0.01580522953532636
932,0.19792534559965133,0.18218348428606987,0.01574186091311276
933,0.19756887212395668,0.18180998772382737,0.01575888424180448
934,0.19787844702601431,0.18209295257925986,0.015785494707524775
935,0.19677497655153275,0.18097142979502678,0.015803546952083705
936,0.1982627309858799,0.18252185940742494,0.015740871531888842
937,0.1973918554186821,0.18151040717959405,0.015881448211148383
938,0.19662296518683434,0.1807962566614151,0.01582670845091343
939,0.19785334378480912,0.1820971515774727,0.01575619189068675
940,0.19847054421901703,0.18290408119559287,0.015566463498398662
941,0.19834523409605026,0.18273627758026123,0.015608956320211292
942,0.19815403923392297,0.18247734740376473,0.015676691392436624
943,0.1980249623954296,0.1823020163178444,0.01572294550947845
944,0.19813852533698081,0.1823950083553791,0.015743516935035586
945,0.197958971709013,0.18217507749795914,0.015783894695341586
946,0.19765572145581245,0.18178200453519822,0.015873716110363603
947,0.19763192608952523,0.18174894466996194,0.015882981587201358
948,0.19765717968344687,0.18183201029896737,0.015825169989839197
949,0.1975632356107235,0.18169112741947174,0.015872108545154334
950,0.19676389336585998,0.18093994185328482,0.015823950516059993
951,0.19841226786375046,0.18277562603354455,0.015636642845347524
952,0.19812206014990807,0.18242793396115303,0.01569412528537214
953,0.1980055595934391,0.182245090007782,0.01576046971604228
954,0.19771886199712754,0.18183593913912774,0.015882922438904643
955,0.19753004357218742,0.1816283296048641,0.015901713613420725
956,0.19718372955918312,0.181302522867918,0.015881206383928658
957,0.19816262543201446,0.18246803432703018,0.015694591449573636
958,0.1975966536998749,0.1817161224782467,0.015880531072616576
959,0.19701424673199652,0.1811827839910984,0.01583146241493523
960,0.19810392811894417,0.1823798233270645,0.01572410460561514
961,0.19753753066062926,0.18163950756192207,0.015898023266345263
962,0.19757211551070214,0.18179158076643945,0.015780535098165273
963,0.19770851999521255,0.18186299592256547,0.015845524370670317
964,0.19771443352103232,0.18186443522572518,0.01584999748505652
965,0.19635685473680498,0.18047013968229295,0.015886715212836862
966,0.1978975972533226,0.1821622809767723,0.015735316276550292
967,0.1979166640341282,0.18211174488067627,0.015804919106885792
968,0.1974837836623192,0.1815607178211212,0.01592306613922119
969,0.19763946890830994,0.18181319534778595,0.015826273122802378
970,0.19766512796282767,0.18179849967360495,0.01586662832647562
971,0.19773631140589715,0.18193775787949562,0.015798553628847002
972,0.1979399923980236,0.18218414470553398,0.01575584812089801
973,0.1974292929470539,0.18155288383364676,0.015876409504562615
974,0.19801860749721528,0.18228025242686272,0.015738354660570622
975,0.19750407129526137,0.18158163428306578,0.015922436648979785
976,0.19729604005813597,0.18142712369561195,0.015868916558101773
977,0.1978582824766636,0.18205051153898238,0.015807770658284426
978,0.19734156787395477,0.18148489460349082,0.01585667323321104
979,0.19725076735019684,0.18135394379496575,0.015896824151277543
980,0.19641657441854476,0.18054106637835501,0.01587550815194845
981,0.19606123343110085,0.18017604053020478,0.015885192453861236
982,0.1958680944144726,0.179967522919178,0.015900572212412954
983,0.19574100211262702,0.1798308461904526,0.015910155260935425
984,0.1955632610619068,0.17963333278894425,0.01592992838472128
985,0.19548721939325334,0.17955370366573334,0.01593351553194225
986,0.19532660260796547,0.17937758192420006,0.015949020581319927
987,0.19519081577658653,0.17924688890576362,0.015943926107138396
988,0.1950014965236187,0.17904766991734505,0.015953826447948814
989,0.19503834918141366,0.1790747193992138,0.01596362954005599
990,0.194742896258831,0.1787712463736534,0.01597165074199438
991,0.19462111741304397,0.17864493101835252,0.015976186422631145
992,0.19459183752536774,0.17860626742243768,0.015985570354387163
993,0.19401558011770248,0.1780168229341507,0.015998757276684046
994,0.19488595381379129,0.1788673973083496,0.016018556905910374
995,0.19381707340478896,0.1777450907230377,0.0160719826631248
996,0.19378478124737739,0.177729611992836,0.016055168993771077
997,0.1936338046193123,0.17758969098329544,0.01604411362670362
998,0.19364560455083846,0.17760298192501067,0.016042622653767467
999,0.1935054624080658,0.17746610835194587,0.016039353711530566
1000,0.1934496705234051,0.17741249725222588,0.01603717335499823
1001,0.1934707970917225,0.17743304803967475,0.016037748707458378
1002,0.19330332085490226,0.17726534679532052,0.01603797352872789
1003,0.19319089367985726,0.17715453252196312,0.016036360785365106
1004,0.1931332378089428,0.1770951744914055,0.016038063745945692
1005,0.19301841378211976,0.17698135048151017,0.016037062760442495
1006,0.19300473019480704,0.17696890860795975,0.01603582256473601
1007,0.1928202396631241,0.17678733110427858,0.016032909024506808
1008,0.19279548555612563,0.17675915151834487,0.016036333721131085
1009,0.1926656574010849,0.17663125067949295,0.016034406404942275
1010,0.1926432617008686,0.1766069573163986,0.01603630461730063
1011,0.1925177350640297,0.17647916331887245,0.01603857091628015
1012,0.19239545494318008,0.17635778039693834,0.01603767472319305
1013,0.19235117077827454,0.17631083264946937,0.016040338044986127
1014,0.19225000485777854,0.176209517121315,0.016040488174185158
1015,0.19216304197907447,0.1761162742972374,0.01604676683433354
1016,0.19207192942500115,0.1760217459499836,0.016050183139741422
1017,0.19208766311407088,0.17604152604937554,0.016046136794611813
1018,0.19191754013299941,0.17586759075522423,0.016049949917942286
1019,0.19180842056870462,0.1757546402513981,0.016053779292851688
1020,0.19186027646064757,0.17581192165613174,0.016048353891819717
1021,0.19168169245123864,0.1756290702521801,0.01605262268334627
1022,0.1916400183737278,0.17558749109506608,0.016052527409046887
1023,0.19157642871141434,0.17552268341183663,0.01605374480597675
1024,0.19155037000775338,0.17550071701407433,0.01604965359903872
1025,0.19145909264683725,0.1754096655547619,0.01604942759498954
1026,0.1913965018093586,0.17534711822867394,0.01604938360862434
1027,0.1913109178841114,0.17526086688041687,0.016050050780177117
1028,0.19129143580794333,0.17524247124791145,0.016048964271321894
1029,0.19120558425784112,0.17515788942575455,0.016047694962471725
1030,0.19117821767926216,0.17513087645173073,0.016047341199591756
1031,0.19107794791460037,0.1750309380888939,0.016047010077163578
1032,0.19104553624987602,0.17499677032232286,0.016048766635358334
1033,0.19094315066933631,0.17489463299512864,0.01604851773008704
1034,0.19089298471808433,0.17484614104032517,0.016046843556687236
1035,0.19087389454245568,0.17482305973768233,0.016050834944471716
1036,0.19073269739747048,0.1746822752058506,0.016050421204417943
1037,0.19070643097162246,0.17465382739901542,0.016052603339776397
1038,0.19062192410230636,0.1745656469464302,0.016056276466697453
1039,0.1905404543876648,0.17448003828525543,0.016060417238622903
1040,0.190462583899498,0.17439930006861687,0.01606328347697854
1041,0.19036878645420074,0.1743005695939064,0.01606821658089757
1042,0.19021340683102608,0.17414395540952682,0.01606945173814893
1043,0.19016902565956115,0.17409283310174942,0.01607619264163077
1044,0.19000209361314774,0.1739197464287281,0.01608234714716673
1045,0.18994953319430352,0.17385656222701074,0.01609297014772892
1046,0.18974300742149353,0.1736435101926327,0.01609949756413698
1047,0.1896733359992504,0.17356518357992173,0.01610815281048417
1048,0.18953370109200476,0.1734191145002842,0.01611458650790155
1049,0.18937239542603493,0.17325227886438369,0.016120117753744126
1050,0.1892559853196144,0.17313274562358857,0.01612323914654553
1051,0.18911602094769478,0.17298920020461084,0.016126820566132665
1052,0.18897324800491333,0.17284354642033578,0.016129701770842074
1053,0.18889273151755334,0.17276095509529113,0.016131776813417674
1054,0.188757483959198,0.1726258212327957,0.016131663313135505
1055,0.18859848588705064,0.1724672071635723,0.016131278602406384
1056,0.1885683484375477,0.1724376128613949,0.016130735194310547
1057,0.18844762429594994,0.17232007294893265,0.016127552296966316
1058,0.18827414855360985,0.1721469882130623,0.016127160051837564
1059,0.18821363136172295,0.17208730652928353,0.016126324795186518
1060,0.18810640752315522,0.17198439583182334,0.016122011905536054
1061,0.1880696713924408,0.17194480150938035,0.016124869883060455
1062,0.18787262499332427,0.17175061628222466,0.01612200868315995
1063,0.1878180083632469,0.1716957174241543,0.01612229089252651
1064,0.18773852318525314,0.1716141863167286,0.016124337324872614
1065,0.18758919715881348,0.17146288275718688,0.01612631485797465
1066,0.1875246049463749,0.17140056848526,0.01612403671257198
1067,0.18746580570936203,0.17134493440389634,0.01612087165005505
1068,0.1873015607893467,0.17117981106042862,0.016121749645099045
1069,0.18726156800985336,0.17113542750477792,0.016126140663400294
1070,0.18714900612831115,0.17102694407105445,0.016122062131762503
1071,0.1870410357415676,0.1709163311123848,0.01612470520660281
1072,0.18699047327041626,0.17087036296725272,0.016120110005140305
1073,0.18681104362010956,0.17069024577736855,0.016120798541232943
1074,0.18682821482419967,0.1707076409459114,0.016120573626831173
1075,0.18673104986548425,0.17061111867427825,0.016119931349530815
1076,0.1866411978006363,0.1705223061144352,0.016118891155347228
1077,0.1865823481976986,0.17046328619122506,0.016119062304496765
1078,0.18648643240332605,0.17036812260746956,0.01611830910667777
1079,0.186438150703907,0.1703202073276043,0.016117942966520787
1080,0.18634418413043022,0.17022894069552422,0.016115243500098585
1081,0.18623589009046554,0.17011581480503082,0.016120075322687624
1082,0.18624968320131302,0.17013087570667268,0.016118807401508093
1083,0.18610426664352417,0.16998253598809243,0.01612173064611852
1084,0.1860611817240715,0.1699401430785656,0.016121038440614938
1085,0.18596021994948386,0.16983602270483972,0.01612419749610126
1086,0.18596357613801956,0.16983901694417,0.016124558597803117
1087,0.1858474987745285,0.1697211480140686,0.016126350285485386
1088,0.18574649468064308,0.16962145268917084,0.016125041488558055
1089,0.1857283528149128,0.16959925666451453,0.016129096504300833
1090,0.18561239972710608,0.16948321342468262,0.016129186395555734
1091,0.18562468364834786,0.16949370458722116,0.016130978958681225
1092,0.18550958409905433,0.16937780350446702,0.016131780529394745
1093,0.18542229250073433,0.16928926676511766,0.01613302720710635
1094,0.1853748920559883,0.16924094870686532,0.01613394378684461
1095,0.18536119520664215,0.16922531321644782,0.01613588203676045
1096,0.1852186694741249,0.1690826776623726,0.016135991374030708
1097,0.18522572085261346,0.16908830061554908,0.01613742080517113
1098,0.18512834802269937,0.16898938566446303,0.01613896241411567
1099,0.18510326087474824,0.1689652144908905,0.01613804642111063
1100,0.18502347886562348,0.16888297334313393,0.016140505382791163
1101,0.18499181255698205,0.1688506154716015,0.016141196871176364
1102,0.18490679830312728,0.16876657649874688,0.016140221869572997
1103,0.1848770323395729,0.16873440518975258,0.016142627242952585
1104,0.18476712718605995,0.16862569391727447,0.016141433091834186
1105,0.18472909405827523,0.16858786299824716,0.016141230380162595
1106,0.1847395968437195,0.16859787002205848,0.016141726402565837
1107,0.1845406374335289,0.168398277759552,0.016142359282821418
1108,0.1846522131562233,0.16851026877760888,0.016141944667324423
1109,0.1844930051267147,0.1683502960205078,0.01614270911552012
1110,0.18440649703145026,0.16826355293393136,0.016142942886799575
1111,0.18434693440794944,0.168204575330019,0.016142358565703036
1112,0.18437880635261536,0.16823668137192727,0.01614212479442358
1113,0.18423524647951126,0.16809532031416893,0.016139926575124263
1114,0.18421601504087448,0.1680759944021702,0.016140020620077848
1115,0.18406798183918,0.16792686268687249,0.016141119338572027
1116,0.1840577517449856,0.167917357981205,0.016140393950045108
1117,0.1839880520105362,0.16784661814570426,0.016141434488818048
1118,0.18381086006760597,0.1676662316918373,0.016144628152251244
1119,0.18375434890389442,0.1676056158542633,0.016148733142763376
1120,0.18365073770284654,0.16749778762459755,0.016152950236573815
1121,0.18365922540426255,0.16749834910035133,0.01616087632253766
1122,0.1834465555846691,0.16727604940533639,0.016170506151393055
1123,0.18335684552788734,0.1671804428100586,0.01617640317417681
1124,0.18333569496870042,0.16715120851993562,0.016184486160054804
1125,0.18317591190338134,0.1669859279692173,0.016189983244985343
1126,0.18308200865983962,0.16688831210136412,0.016193696362897754
1127,0.18300223216414452,0.16680380329489708,0.016198428738862278
1128,0.18297977313399316,0.16677843809127807,0.01620133612304926
1129,0.1828838601708412,0.16667987838387488,0.01620398197323084
1130,0.1826816241443157,0.16647501811385154,0.016206606617197396
1131,0.182685107588768,0.1664791539311409,0.01620595410466194
1132,0.18258844971656799,0.16638387560844423,0.016204573893919588
1133,0.1825700244307518,0.1663645689189434,0.016205455521121622
1134,0.1824834780395031,0.16627851396799087,0.016204963428899644
1135,0.1823093254864216,0.16610025614500046,0.016209069089964032
1136,0.18242411822080612,0.16621883124113082,0.016205286383628847
1137,0.18224552884697914,0.16604116827249527,0.016204360211268067
1138,0.18219370096921922,0.16598350763320924,0.016210193391889335
1139,0.18211608797311782,0.16591249123215676,0.016203597094863652
1140,0.18206722989678384,0.16586441904306412,0.016202809885144234
1141,0.18197501286864282,0.1657730919122696,0.01620192075148225
1142,0.18196295455098152,0.16576536297798156,0.016197591191157698
1143,0.18182732954621314,0.16563602089881896,0.016191309187561273
1144,0.18179034680128098,0.16560034543275834,0.016190000558272005
1145,0.18174489200115204,0.16555785715579988,0.01618703470565379
1146,0.18168236210942268,0.16549714744091035,0.016185215059667826
1147,0.18158914387226105,0.16540440157055855,0.016184741966426372
1148,0.1815590614080429,0.16537702590227127,0.016182035421952606
1149,0.1815952405333519,0.16541471287608148,0.016180527620017527
1150,0.1814419712126255,0.16526337668299676,0.0161785945110023
1151,0.18135432481765748,0.16517628744244575,0.016178037133067848
1152,0.18142294347286225,0.16524738997220992,0.01617555390112102
1153,0.18128593519330025,0.16511062785983086,0.016175307100638747
1154,0.18130616515874862,0.16513506188988686,0.01617110296152532
1155,0.18120109021663666,0.1650286866724491,0.0161724036000669
1156,0.18118881151080132,0.1650221225619316,0.016166688818484546
1157,0.18111860632896423,0.16494958579540253,0.016169020561501383
1158,0.18104307606816292,0.16487491950392724,0.01616815574467182
1159,0.18104743361473083,0.16488035500049592,0.016167079079896212
1160,0.1810040606558323,0.16483715564012527,0.016166905108839273
1161,0.18093859717249872,0.16477221459150315,0.01616638262756169
1162,0.18090541779994965,0.1647398565709591,0.016165561759844422
1163,0.1808214443922043,0.16465709567070008,0.01616434870287776
1164,0.18083145320415497,0.164668787419796,0.01616266630589962
1165,0.18070120498538017,0.1645389162003994,0.01616228783503175
1166,0.18072374805808067,0.1645611198246479,0.01616262847557664
1167,0.18068739011883736,0.1645241817831993,0.0161632080655545
1168,0.18056180328130722,0.16439821556210518,0.016163587188348174
1169,0.18061806559562682,0.16445660680532456,0.016161458790302275
1170,0.180476805716753,0.16431499704718588,0.016161808632314204
1171,0.18053282275795937,0.16436908066272735,0.01616374187171459
1172,0.18035955131053924,0.16419707655906676,0.016162473922595382
1173,0.18044570758938788,0.16428238660097122,0.016163321062922478
1174,0.18032999962568283,0.16416653841733933,0.016163461226969957
1175,0.18026743158698083,0.16410129830241205,0.01616613316349685
1176,0.18020517081022264,0.16403716906905175,0.016168001722544432
1177,0.1801949729025364,0.16402920976281166,0.016165763018652798
1178,0.18011513561010362,0.16394328460097313,0.016171851810067892
1179,0.1800947070121765,0.163922169059515,0.01617253798060119
1180,0.18002251610159875,0.16384913474321366,0.016173381013795732
1181,0.17996445685625076,0.16378902286291122,0.016175433872267605
1182,0.17991768449544907,0.1637371577322483,0.0161805269587785
1183,0.1798346571624279,0.16365251451730728,0.016182143380865453
1184,0.1797407302260399,0.16355271637439728,0.016188013572245835
1185,0.1797618941962719,0.1635703793168068,0.016191514041274786
1186,0.17972588151693344,0.1635325275361538,0.016193353738635778
1187,0.17956690087914468,0.16336457043886185,0.016202329751104118
1188,0.17952405005693436,0.1633158914744854,0.0162081578373909
1189,0.1795437952876091,0.16333144545555114,0.016212350269779564
1190,0.17934391051530837,0.16312255293130876,0.016221357649192213
1191,0.17937338456511498,0.1631408439576626,0.016232541026547552
1192,0.1792514891922474,0.1630111163854599,0.016240372397005556
1193,0.17909882709383965,0.16284877091646194,0.016250055693089963
1194,0.1791190893948078,0.16285754442214967,0.016261544739827515
1195,0.17899859502911566,0.16272414118051529,0.01627445362508297
1196,0.17893924936652184,0.16265159517526626,0.016287654107436537
1197,0.1788222074508667,0.16252132147550583,0.016300885435193778
1198,0.17868727952241897,0.1623738296329975,0.01631344996392727
1199,0.1785616746544838,0.16223067849874495,0.016330996565520763
1200,0.1785203343629837,0.1621747362613678,0.016345598278567196
1201,0.17835431709885596,0.16199388563632966,0.01636043212376535
1202,0.17824427053332328,0.16186873912811278,0.016375531451776625
1203,0.17816963762044907,0.16178058609366416,0.016389051619917154
1204,0.1779061645269394,0.16149912178516387,0.016407042490318418
1205,0.1779320280253887,0.16150943607091903,0.01642259201966226
1206,0.17775069862604143,0.16131377339363098,0.016436925595626234
1207,0.17755565762519837,0.16110374718904497,0.01645190991461277
1208,0.17754068538546564,0.16107260182499886,0.016468082861974834
1209,0.17731404468417167,0.16083248496055602,0.016481560366228224
1210,0.1772399653494358,0.16074507236480712,0.016494893245399
1211,0.17705463618040085,0.16054505690932275,0.016509579252451657
1212,0.17691460937261583,0.160391249358654,0.016523360535502435
1213,0.17677574396133422,0.160239979326725,0.01653576393611729
1214,0.17656760722398757,0.16001998260617256,0.01654762474820018
1215,0.17656966507434846,0.16000975042581558,0.016559915337711572
1216,0.17629610851407052,0.1597278434038162,0.016568264896050094
1217,0.17626305013895036,0.15968340128660202,0.01657964950427413
1218,0.17605971172451973,0.1594717939198017,0.01658791768364608
1219,0.17591186225414276,0.1593147572875023,0.016597105273976922
1220,0.17579305037856102,0.15918875157833098,0.016604298455640674
1221,0.17562539935111998,0.15901486814022064,0.01661053112708032
1222,0.17545597434043883,0.1588391138613224,0.01661686075851321
1223,0.1753828139603138,0.15876014426350593,0.016622670302167533
1224,0.17519491121172906,0.1585673527419567,0.016627557519823314
1225,0.1750478744506836,0.15841425463557243,0.016633619582280518
1226,0.17488266110420228,0.15824543356895446,0.016637227414175868
1227,0.1747378319501877,0.15809421375393867,0.016643618419766425
1228,0.17457598224282264,0.1579265785217285,0.016649404177442192
1229,0.17443555042147638,0.15777963191270827,0.01665591781027615
1230,0.1743354745209217,0.15764766618609427,0.016687809163704513
1231,0.18197458431124688,0.16317676439881323,0.018797819428145887
1232,0.17503245502710343,0.15811645701527596,0.01691599796526134
1233,0.17435054272413253,0.15759701743721963,0.016753525706008077
1234,0.17403845757246017,0.15726816087961196,0.01677029642276466
1235,0.17376331448554994,0.15701435789465903,0.01674895712174475
1236,0.17352094173431395,0.15678481683135032,0.016736125089228154
1237,0.1733107963204384,0.15657936349511148,0.016731433533132077
1238,0.17309970244765283,0.15636929035186767,0.01673041268251836
1239,0.1729208207130432,0.15618907004594804,0.016731750620529055
1240,0.172706461250782,0.1559702043235302,0.016736257048323752
1241,0.1725099179148674,0.15577398285269736,0.016735934764146806
1242,0.17238476768136024,0.15565067946910857,0.01673408846370876
1243,0.17220961570739746,0.15547610312700272,0.01673351274803281
1244,0.17193860858678817,0.15520865932106973,0.0167299500759691
1245,0.17186758935451507,0.15514230251312255,0.01672528692521155
1246,0.1716129344701767,0.15489527076482773,0.01671766350977123
1247,0.17158924490213395,0.15487930566072464,0.0167099404335022
1248,0.1713528588414192,0.15464741110801697,0.016705447621643544
1249,0.1710943990945816,0.15439483985304833,0.016699558906257152
1250,0.17100432887673378,0.15430945202708243,0.01669487712904811
1251,0.17093393504619597,0.1542417973279953,0.016692137317731975
1252,0.1707131741940975,0.15402104690670967,0.016692127352580428
1253,0.17052407160401345,0.15382909789681434,0.016694974331185223
1254,0.1703330919146538,0.15363390132784843,0.01669919094070792
1255,0.17015675604343414,0.15345352336764337,0.016703233169391752
1256,0.16998287707567214,0.15327698796987532,0.016705889431759716
1257,0.16978586181998254,0.15307900100946426,0.016706861341372132
1258,0.16960232436656952,0.15289489254355432,0.016707431869581343
1259,0.16940493285655975,0.15269700929522514,0.016707923943176866
1260,0.1692105308175087,0.15250173717737198,0.01670879352837801
1261,0.1690217062830925,0.1523137781023979,0.016707928450778127
1262,0.16889569133520127,0.152188910394907,0.016706781033426522
1263,0.1686666265130043,0.15195946589112283,0.016707160929217934
1264,0.1685341677069664,0.15182422652840613,0.016709940349683164
1265,0.16839710786938666,0.1516902743279934,0.016706833969801663
1266,0.1681453524529934,0.15143851369619368,0.01670683912932873
1267,0.16793404757976532,0.15122557267546655,0.016708474308252334
1268,0.1679776841402054,0.15127087265253067,0.01670681114308536
1269,0.16767666310071946,0.15097081571817397,0.016705847289413215
1270,0.16748177170753478,0.15077623218297959,0.01670553982257843
1271,0.16733674049377442,0.1506314654648304,0.01670527475886047
1272,0.16715710878372192,0.150451732724905,0.016705375853925942
1273,0.16701651707291604,0.15030774965882301,0.01670876723714173
1274,0.16674751579761504,0.15003852859139444,0.016708987234160304
1275,0.16665533378720285,0.1499402841925621,0.016715049035847186
1276,0.1663721653819084,0.1496533627808094,0.01671880220063031
1277,0.16623147577047348,0.14950475662946702,0.016726718489080666
1278,0.16611654311418533,0.1493832588195801,0.016733283884823324
1279,0.1658410719037056,0.1491008448600769,0.01674022674560547
1280,0.16564451217651366,0.1488977637887001,0.016746748369187117
1281,0.1655009761452675,0.14875082150101662,0.016750154914334417
1282,0.16525053277611731,0.14849949166178703,0.016751041235402227
1283,0.1650551426410675,0.14830907821655273,0.016746063604950904
1284,0.16483313634991645,0.14809297353029252,0.016740163117647172
1285,0.16466346457600595,0.14793112382292747,0.01673234011977911
1286,0.16450123533606528,0.14777399778366088,0.016727237328886986
1287,0.16437746196985245,0.1476522435247898,0.016725217867642642
1288,0.16416248366236685,0.1474421004951,0.01672038300894201
1289,0.16402605444192886,0.14731038510799407,0.01671566892415285
1290,0.16385481536388397,0.14714136943221093,0.016713446201756597
1291,0.16368492260575296,0.14697429224848746,0.016710630096495153
1292,0.16352261915802957,0.1468142621219158,0.016708357781171797
1293,0.16339305862784387,0.14668918550014495,0.016703872997313737
1294,0.16322989001870156,0.1465279594063759,0.016701931469142436
1295,0.16314030483365058,0.14643804535269736,0.016702258279547095
1296,0.16291926458477973,0.14621651604771613,0.016702747605741024
1297,0.1628182263672352,0.1461152185499668,0.01670300797559321
1298,0.16264410972595214,0.14594076752662657,0.016703341538086534
1299,0.16249973326921463,0.1457965412735939,0.016703192247077822
1300,0.16236086085438728,0.14565658584237098,0.016704275123775005
1301,0.16222116261720657,0.14551581919193268,0.0167053441144526
1302,0.16207900241017342,0.1453721496462822,0.016706853155046702
1303,0.1619367177784443,0.14522805973887443,0.016708657890558243
1304,0.1617969010770321,0.1450863802433014,0.016710520461201667
1305,0.16168461561203004,0.14497224628925323,0.016712369089946152
1306,0.1614960952103138,0.1447826461493969,0.016713449079543353
1307,0.1613806827366352,0.14466527134180068,0.016715410966426134
1308,0.16127384275197984,0.14455681204795837,0.016717030880972743
1309,0.1610807305574417,0.14436284676194192,0.016717884074896574
1310,0.16098693281412124,0.14426705747842788,0.016719875475391745
1311,0.16083458572626114,0.14411285951733588,0.01672172648832202
1312,0.16070374190807343,0.1439802375435829,0.01672350499778986
1313,0.16056415915489197,0.1438385958969593,0.016725563630461692
1314,0.16044748067855835,0.14371953755617142,0.016727943802252412
1315,0.16028449416160584,0.14355422854423522,0.016730264509096742
1316,0.16024811312556267,0.1435145278275013,0.01673358471132815
1317,0.1600336353480816,0.1432975685596466,0.016736067729070783
1318,0.15991387620568276,0.14317442670464517,0.016739448886364697
1319,0.15977418214082717,0.1430312240123749,0.016742958016693593
1320,0.1596321702003479,0.1428856699168682,0.016746499668806793
1321,0.15948492169380188,0.14273465141654015,0.016750269951298833
1322,0.15938956812024116,0.14263481199741362,0.01675475690513849
1323,0.15922827780246734,0.14246903240680694,0.016759245153516532
1324,0.1591533389687538,0.14238819509744643,0.016765143321827054
1325,0.15897089540958403,0.14219829082489013,0.016772604268044233
1326,0.15885029077529908,0.14206808775663377,0.016782202729955314
1327,0.15845198407769204,0.1416632154583931,0.01678876906633377
1328,0.1587056651711464,0.14190474539995193,0.01680091956630349
1329,0.15841157451272012,0.14159427896142007,0.016817295514047145
1330,0.15817892268300057,0.14134909987449645,0.016829823702573778
1331,0.15806380212306975,0.1412144783139229,0.01684932293370366
1332,0.15795665249228477,0.14108753249049186,0.01686911955475807
1333,0.15765960156917572,0.14076985150575638,0.016889750687405468
1334,0.15750882729887963,0.1405927936732769,0.016916033625602723
1335,0.1574100749194622,0.14046780705451967,0.0169422675576061
1336,0.15702957302331924,0.14005332589149475,0.01697624715976417
1337,0.15675310641527176,0.13974479839205742,0.017008307883515955
1338,0.15690192356705665,0.13985186830163002,0.0170500551443547
1339,0.15639656215906142,0.1393083769083023,0.017088185390457512
1340,0.1560736735165119,0.13894060254096985,0.017133071506395935
1341,0.1559089443087578,0.1387300081551075,0.01717893620952964
1342,0.15558427423238755,0.13836309790611268,0.017221175786107778
1343,0.1554843907058239,0.1382178021967411,0.017266588509082793
1344,0.15498583316802977,0.13767985865473747,0.017305974448099733
1345,0.15489457234740256,0.13754992172122002,0.01734465065412223
1346,0.1545023512840271,0.137125933021307,0.017376417964696883
1347,0.15423342779278756,0.13682718843221664,0.017406239788979292
1348,0.15383365467190743,0.1364012059569359,0.017432449059560894
1349,0.15372996121644975,0.13627345725893975,0.017456504525616767
1350,0.15336696550250054,0.13588955610990525,0.017477408666163683
1351,0.15298968076705932,0.135489884018898,0.01749979761429131
1352,0.15287746101617813,0.13535477533936502,0.017522686291486025
1353,0.1524956454336643,0.13494718059897423,0.017548465002328158
1354,0.15220697194337846,0.1346345576643944,0.01757241375744343
1355,0.15186720803380013,0.1342689438164234,0.017598263788968324
1356,0.15149263337254523,0.1338718344271183,0.01762079905718565
1357,0.15123054280877113,0.13358444407582282,0.017646098975092173
1358,0.15094453155994414,0.13327645242214203,0.01766807947307825
1359,0.15064623683691025,0.13295537501573562,0.017690861597657204
1360,0.15030357882380485,0.13258679762482642,0.017716780491173267
1361,0.1499869479238987,0.132247893512249,0.017739054393023253
1362,0.1497101417183876,0.13195496961474418,0.01775517163798213
1363,0.1494077202677727,0.1316384319961071,0.01776928812265396
1364,0.14908325493335725,0.13129648223519325,0.017786773014813663
1365,0.14891596406698226,0.1311226662993431,0.01779329739511013
1366,0.14863898739218712,0.13083494693040848,0.01780404057353735
1367,0.14824762418866158,0.1304379527270794,0.017809670846909285
1368,0.14814576014876366,0.13032860413193703,0.017817155197262763
1369,0.14776018425822257,0.12993681356310843,0.017823370024561882
1370,0.14766390815377237,0.12983944594860078,0.017824462540447714
1371,0.14737050727009773,0.1295417559146881,0.017828751504421234
1372,0.14707826778292657,0.12924956426024437,0.017828703969717027
1373,0.14698833137750625,0.12915725409984588,0.01783107779920101
1374,0.14679136678576468,0.12895761266350747,0.01783375419676304
1375,0.14643947795033455,0.12860260799527168,0.01783687001094222
1376,0.1461549024283886,0.1283164842426777,0.017838417813181878
1377,0.14598601788282395,0.1281391729414463,0.017846844643354415
1378,0.14575248032808305,0.12789469674229623,0.01785778420045972
1379,0.14533043295145034,0.12746787160634995,0.017862561121582986
1380,0.14531987100839616,0.1274489337205887,0.01787093648687005
1381,0.1449057377874851,0.12702799156308175,0.01787774736061692
1382,0.1445590065419674,0.12667138889431953,0.01788761742413044
1383,0.14459837824106217,0.1267034627497196,0.017894915714859964
1384,0.144153623431921,0.12625579938292503,0.017897823937237264
1385,0.1438886319100857,0.1259863569587469,0.017902275025844575
1386,0.14373299583792687,0.12582712076604366,0.017905875071883202
1387,0.14333254024386405,0.1254234503954649,0.01790909020230174
1388,0.14321597650647164,0.12530476197600365,0.01791121417656541
1389,0.14286252468824387,0.1249486731737852,0.01791385153308511
1390,0.14271584436297416,0.12480299942195415,0.017912844587117435
1391,0.14243761077523232,0.12452179759740829,0.017915814127773048
1392,0.14225754708051683,0.12434290423989296,0.01791464250534773
1393,0.14198761716485023,0.12407418616116046,0.017913431394845247
1394,0.141833725720644,0.12392373576760292,0.01790998985990882
1395,0.14153912603855134,0.12363356731832027,0.017905558999627827
1396,0.1413928136229515,0.12349226631224156,0.017900547236204146
1397,0.1412760265171528,0.12338113367557525,0.017894893046468498
1398,0.1409491467475891,0.12305989593267441,0.01788925105705857
1399,0.14088636845350266,0.12300584211945534,0.017880526762455703
1400,0.14053422704339028,0.12266007952392101,0.01787414737045765
1401,0.1405084653198719,0.12264043517410755,0.01786803064867854
1402,0.1403168572485447,0.12245663933455944,0.01786021752282977
1403,0.1401613746583462,0.12230619356036186,0.017855181228369474
1404,0.13989919751882554,0.12205250956118106,0.017846687752753495
1405,0.13966137126088143,0.12181994952261448,0.017841421496123076
1406,0.13970311284065245,0.12186891116201877,0.017834201995283364
1407,0.1394281953573227,0.12159600257873535,0.01783219302073121
1408,0.13927593499422072,0.12144881777465344,0.017827116381376983
1409,0.13905876353383065,0.12123001672327519,0.017828746978193522
1410,0.138915506452322,0.1210883043706417,0.017827202025800945
1411,0.13864059910178184,0.12080973751842976,0.017830861341208218
1412,0.1386726601421833,0.12083042725920677,0.017842232584953308
1413,0.13837134346365929,0.12051514528691769,0.01785619767382741
1414,0.1381231217086315,0.12024515673518181,0.01787796527147293
1415,0.1379882000386715,0.12008627392351627,0.017901925630867482
1416,0.13789195522665978,0.11996550679206848,0.01792644863948226
1417,0.13729517966508864,0.11934899501502513,0.017946185003966095
1418,0.13751383528113365,0.11955216743052005,0.017961668483912945
1419,0.13715881258249282,0.11917878203094005,0.01798003075644374
1420,0.13691835403442382,0.11892369486391545,0.017994659189134836
1421,0.13674696147441864,0.1187345851957798,0.018012376409024
1422,0.1365493878722191,0.11852454319596291,0.018024844639003276
1423,0.1362934574484825,0.11825590752065182,0.01803755046799779
1424,0.13611573830246926,0.11806488923728466,0.018050849344581364
1425,0.13599519401788712,0.11793274208903312,0.01806245131418109
1426,0.13576077923178673,0.11768842950463294,0.018072349857538937
1427,0.13556239902973174,0.11747874967753887,0.018083649445325135
1428,0.13546116128563881,0.1173653108626604,0.01809585006907582
1429,0.1351454173028469,0.11703922122716903,0.018106195833534
1430,0.13501237481832504,0.11689250618219375,0.01811986815184355
1431,0.13477748915553092,0.116651354059577,0.0181261351890862
1432,0.13468333333730698,0.1165507436543703,0.018132589850574733
1433,0.1344316640496254,0.1162933836132288,0.018138280138373375
1434,0.134256731569767,0.11610932968556881,0.018147401455789806
1435,0.1341538195312023,0.1160088849067688,0.01814493417739868
1436,0.1337604595720768,0.11561461694538594,0.018145842384546994
1437,0.1337095931172371,0.11556399695575237,0.018145596068352463
1438,0.1335805405676365,0.11543653413653374,0.01814400661736727
1439,0.13341377884149552,0.11527040772140026,0.018143370524048807
1440,0.13313299626111985,0.1149938765913248,0.01813911920413375
1441,0.1329960459470749,0.11486243955790996,0.01813360659405589
1442,0.13280362784862518,0.1146734482795,0.01813017936423421
1443,0.13276314109563828,0.11463911823928356,0.01812402321025729
1444,0.1325109775364399,0.11439026094973087,0.01812071669846773
1445,0.1322493340075016,0.11413240075111389,0.018116933815181254
1446,0.1322486126422882,0.11413613483309745,0.01811247821897268
1447,0.13202158778905868,0.1139175070822239,0.018104081396013497
1448,0.13189168974757196,0.11379398636519909,0.01809770371764898
1449,0.13170869648456573,0.1136133337020874,0.018095362409949304
